"0","0","0","26","6"
"1","0","0","26","4"
"2","0","0","26","3"
"3","0","3","26","5"
"4","1","2","87","5"
"5","1","3","87","6"
"6","1","0","87","3"
"7","1","0","87","2"
"8","2","0","65","4"
"9","2","0","65","4"
"10","2","0","65","3"
"11","2","0","65","1"
"12","3","0","25","7"
"13","3","1","25","3"
"14","3","0","25","11"
"15","3","0","25","8"
"16","4","1","1","3"
"17","4","2","1","3"
"18","4","1","1","7"
"19","5","2","31","13"
"20","5","3","31","9"
"21","7","9","27","5"
"22","7","10","27","2"
"23","7","4","27","3"
"24","7","7","27","2"
"25","8","4","13","3"
"26","8","10","13","1"
"27","8","4","13","4"
"28","8","4","13","1"
"29","8","7","13","6"
"30","8","6","13","2"
"31","8","8","13","1"
"32","9","5","27","3"
"33","9","7","27","4"
"34","9","4","27","4"
"35","9","4","27","4"
"36","9","5","27","2"
"37","9","4","27","1"
"38","9","6","27","2"
"39","10","5","39","1"
"40","10","5","39","2"
"41","10","6","39","2"
"42","10","7","39","2"
"43","10","5","39","3"
"44","10","4","39","4"
"45","11","5","1","4"
"46","11","8","1","4"
"47","11","10","1","2"
"48","11","4","1","3"
"49","11","4","1","3"
"50","11","10","1","3"
"51","11","4","1","1"
"52","12","4","57","5"
"53","12","7","57","1"
"54","12","4","57","3"
"55","12","6","57","3"
"56","12","7","57","5"
"57","12","4","57","3"
"58","12","5","57","2"
"59","13","4","8","1"
"60","13","5","8","2"
"61","13","4","8","3"
"62","13","9","8","2"
"63","13","8","8","4"
"64","13","4","8","3"
"65","13","4","8","3"
"66","14","4","0","2"
"67","14","5","0","3"
"68","14","8","0","1"
"69","14","7","0","3"
"70","14","7","0","3"
"71","14","4","0","3"
"72","14","6","0","1"
"73","15","11","39","19"
"74","16","11","38","13"
"75","17","11","35","14"
"76","18","11","0","5"
"77","19","12","34","2"
"78","19","12","34","1"
"79","19","12","34","3"
"80","19","18","34","3"
"81","19","17","34","2"
"82","19","12","34","3"
"83","19","13","34","4"
"84","20","15","2","7"
"85","20","12","2","4"
"86","20","12","2","5"
"87","20","17","2","1"
"88","20","12","2","3"
"89","20","13","2","4"
"90","20","13","2","2"
"91","21","16","67","3"
"92","21","13","67","2"
"93","21","14","67","2"
"94","21","16","67","2"
"95","21","17","67","1"
"96","22","12","12","1"
"97","22","12","12","4"
"98","22","12","12","3"
"99","22","12","12","2"
"100","22","12","12","2"
"101","22","12","12","1"
"102","22","12","12","1"
"103","23","12","44","5"
"104","23","15","44","6"
"105","23","12","44","4"
"106","23","16","44","3"
"107","23","12","44","6"
"108","23","13","44","2"
"109","23","12","44","1"
"110","24","13","0","2"
"111","24","13","0","1"
"112","24","18","0","4"
"113","24","13","0","4"
"114","24","15","0","1"
"115","24","15","0","3"
"116","25","17","58","2"
"117","25","13","58","1"
"118","25","13","58","3"
"119","25","14","58","3"
"120","25","17","58","2"
"121","25","18","58","1"
"122","26","19","17","10"
"123","26","19","17","9"
"124","27","20","0","9"
"125","27","20","0","14"
"126","28","20","83","10"
"127","28","19","83","11"
"128","29","20","3","5"
"129","29","19","3","11"
"130","30","21","85","4"
"131","30","22","85","4"
"132","30","21","85","2"
"133","30","21","85","1"
"134","30","21","85","3"
"135","31","21","82","3"
"136","31","21","82","2"
"137","31","21","82","3"
"138","32","21","11","2"
"139","32","22","11","1"
"140","32","23","11","2"
"141","32","21","11","1"
"142","33","22","11","1"
"143","33","21","11","1"
"144","33","22","11","3"
"145","34","22","10","6"
"146","34","25","10","2"
"147","35","22","83","1"
"148","35","22","83","2"
"149","36","24","0","4"
"150","37","26","0","5"
"151","37","27","0","3"
"152","37","30","0","6"
"153","37","26","0","2"
"154","37","26","0","4"
"155","38","27","7","6"
"156","38","26","7","3"
"157","38","27","7","6"
"158","38","26","7","2"
"159","38","28","7","3"
"160","39","29","0","6"
"161","39","30","0","5"
"162","39","29","0","4"
"163","39","28","0","4"
"164","39","26","0","5"
"165","40","28","25","6"
"166","40","28","25","3"
"167","40","26","25","3"
"168","40","29","25","3"
"169","40","28","25","4"
"170","41","33","0","5"
"171","41","33","0","5"
"172","42","33","65","8"
"173","42","32","65","7"
"174","42","33","65","5"
"175","43","31","86","8"
"176","43","31","86","9"
"177","43","31","86","7"
"178","44","31","0","6"
"179","44","33","0","3"
"180","46","35","13","10"
"181","46","37","13","9"
"182","46","37","13","15"
"183","46","36","13","22"
"184","47","35","1","6"
"185","47","37","1","9"
"186","47","34","1","7"
"187","47","36","1","5"
"188","48","42","0","3"
"189","48","43","0","4"
"190","48","42","0","1"
"191","48","42","0","3"
"192","48","38","0","3"
"193","48","42","0","2"
"194","49","38","88","3"
"195","49","38","88","2"
"196","49","38","88","2"
"197","49","40","88","3"
"198","50","38","5","1"
"199","50","38","5","1"
"200","50","43","5","5"
"201","50","40","5","1"
"202","50","39","5","1"
"203","51","38","59","1"
"204","51","44","59","2"
"205","51","39","59","3"
"206","51","39","59","1"
"207","51","38","59","1"
"208","51","39","59","4"
"209","52","43","31","2"
"210","52","43","31","2"
"211","52","44","31","1"
"212","52","42","31","2"
"213","52","41","31","2"
"214","52","39","31","1"
"215","53","39","44","1"
"216","53","41","44","2"
"217","54","42","73","2"
"218","54","38","73","1"
"219","54","40","73","4"
"220","54","40","73","2"
"221","54","44","73","2"
"222","54","40","73","1"
"223","55","38","0","1"
"224","55","40","0","3"
"225","55","44","0","1"
"226","55","38","0","1"
"227","56","38","95","2"
"228","56","38","95","2"
"229","56","38","95","1"
"230","56","38","95","4"
"231","56","38","95","3"
"232","56","38","95","1"
"233","56","44","95","3"
"234","57","47","36","12"
"235","57","47","36","3"
"236","57","45","36","6"
"237","57","47","36","8"
"238","57","46","36","7"
"239","58","45","9","14"
"240","58","46","9","11"
"241","58","45","9","10"
"242","58","48","9","10"
"243","58","45","9","7"
"244","59","48","47","7"
"245","59","45","47","1"
"246","59","49","47","14"
"247","59","46","47","8"
"248","60","50","37","18"
"249","60","54","37","29"
"250","60","50","37","25"
"251","60","50","37","15"
"252","60","54","37","15"
"253","61","56","3","1"
"254","61","57","3","5"
"255","61","62","3","4"
"256","61","62","3","1"
"257","61","56","3","2"
"258","61","57","3","1"
"259","61","56","3","4"
"260","62","59","66","4"
"261","62","59","66","3"
"262","62","56","66","7"
"263","62","59","66","2"
"264","62","58","66","8"
"265","62","56","66","5"
"266","62","61","66","3"
"267","63","59","14","1"
"268","63","57","14","2"
"269","63","60","14","4"
"270","63","56","14","2"
"271","63","61","14","1"
"272","63","56","14","2"
"273","64","57","0","4"
"274","64","61","0","5"
"275","64","56","0","1"
"276","64","58","0","1"
"277","64","56","0","5"
"278","64","58","0","6"
"279","64","57","0","2"
"280","65","57","4","2"
"281","65","62","4","3"
"282","65","57","4","1"
"283","65","57","4","3"
"284","65","59","4","2"
"285","65","57","4","5"
"286","66","56","8","2"
"287","66","56","8","4"
"288","66","57","8","4"
"289","66","56","8","3"
"290","66","56","8","2"
"291","66","58","8","2"
"292","66","57","8","7"
"293","67","59","67","2"
"294","67","56","67","5"
"295","67","61","67","2"
"296","67","59","67","3"
"297","67","57","67","3"
"298","67","56","67","5"
"299","67","62","67","2"
"300","68","66","36","7"
"301","68","65","36","11"
"302","68","64","36","4"
"303","68","66","36","3"
"304","68","63","36","5"
"305","68","63","36","6"
"306","69","65","0","4"
"307","69","67","0","2"
"308","69","63","0","7"
"309","69","67","0","6"
"310","69","63","0","10"
"311","69","66","0","5"
"312","70","66","32","14"
"313","70","63","32","9"
"314","70","63","32","7"
"315","70","64","32","3"
"316","70","68","32","11"
"317","71","69","98","3"
"318","71","69","98","2"
"319","71","73","98","2"
"320","71","75","98","4"
"321","71","75","98","2"
"322","71","71","98","5"
"323","71","70","98","2"
"324","72","70","10","5"
"325","72","75","10","4"
"326","72","70","10","3"
"327","72","70","10","3"
"328","72","69","10","1"
"329","72","74","10","6"
"330","72","69","10","4"
"331","73","69","17","2"
"332","73","70","17","1"
"333","73","70","17","2"
"334","73","70","17","1"
"335","73","73","17","1"
"336","73","70","17","1"
"337","74","71","2","4"
"338","74","73","2","3"
"339","74","73","2","9"
"340","74","71","2","3"
"341","74","69","2","4"
"342","74","70","2","4"
"343","74","75","2","7"
"344","75","70","30","3"
"345","75","72","30","3"
"346","75","73","30","1"
"347","75","71","30","3"
"348","75","72","30","5"
"349","75","70","30","5"
"350","75","69","30","2"
"351","76","76","23","3"
"352","76","77","23","1"
"353","76","76","23","4"
"354","76","76","23","3"
"355","76","76","23","7"
"356","76","76","23","6"
"357","77","76","3","1"
"358","77","76","3","3"
"359","77","77","3","2"
"360","77","76","3","5"
"361","77","77","3","2"
"362","77","79","3","1"
"363","78","76","96","3"
"364","78","81","96","1"
"365","78","77","96","3"
"366","78","79","96","2"
"367","79","81","16","2"
"368","79","77","16","1"
"369","79","79","16","1"
"370","79","81","16","1"
"371","79","77","16","4"
"372","80","80","80","2"
"373","80","80","80","3"
"374","80","80","80","2"
"375","80","79","80","4"
"376","81","80","94","2"
"377","81","78","94","1"
"378","81","77","94","2"
"379","82","80","25","7"
"380","82","81","25","3"
"381","82","80","25","1"
"382","83","82","47","13"
"383","84","82","81","15"
"384","85","82","7","6"
"385","86","82","5","10"
"386","87","82","8","12"
"387","88","83","0","7"
"388","88","83","0","10"
"389","88","83","0","7"
"390","89","85","0","5"
"391","89","83","0","2"
"392","89","83","0","5"
"393","90","83","75","10"
"394","90","83","75","13"
"395","90","83","75","9"
"396","91","84","34","7"
"397","91","84","34","12"
"398","91","84","34","7"
"399","92","83","12","2"
"400","93","85","0","10"
"401","94","86","20","21"
"402","95","86","92","21"
"403","96","86","17","30"
"404","97","89","85","1"
"405","97","88","85","3"
"406","97","87","85","3"
"407","97","90","85","4"
"408","97","87","85","1"
"409","98","87","19","2"
"410","98","91","19","3"
"411","98","88","19","6"
"412","98","87","19","3"
"413","98","93","19","3"
"414","98","87","19","6"
"415","98","88","19","1"
"416","99","89","22","4"
"417","99","89","22","4"
"418","99","87","22","3"
"419","99","92","22","2"
"420","99","88","22","5"
"421","99","88","22","2"
"422","99","88","22","2"
"423","100","87","10","1"
"424","100","87","10","3"
"425","100","93","10","4"
"426","100","89","10","2"
"427","100","88","10","3"
"428","100","92","10","3"
"429","100","87","10","2"
"430","101","87","13","2"
"431","101","92","13","3"
"432","101","87","13","1"
"433","101","91","13","1"
"434","101","89","13","1"
"435","102","93","1","2"
"436","102","91","1","2"
"437","102","89","1","1"
"438","102","93","1","2"
"439","102","87","1","3"
"440","102","90","1","7"
"441","102","93","1","3"
"442","103","87","27","3"
"443","103","93","27","3"
"444","103","89","27","2"
"445","103","91","27","3"
"446","103","92","27","4"
"447","103","89","27","1"
"448","104","87","2","1"
"449","104","88","2","2"
"450","104","88","2","3"
"451","104","89","2","6"
"452","104","92","2","4"
"453","104","89","2","1"
"454","104","93","2","5"
"455","105","96","72","4"
"456","105","95","72","5"
"457","105","96","72","4"
"458","105","94","72","2"
"459","105","96","72","3"
"460","106","98","1","4"
"461","106","96","1","6"
"462","106","94","1","3"
"463","106","95","1","3"
"464","106","97","1","2"
"465","107","94","48","7"
"466","107","94","48","4"
"467","107","94","48","4"
"468","107","97","48","5"
"469","107","97","48","6"
"470","108","94","62","2"
"471","108","96","62","1"
"472","108","96","62","2"
"473","108","95","62","3"
"474","109","96","5","2"
"475","109","94","5","5"
"476","109","97","5","5"
"477","109","96","5","4"
"478","109","95","5","2"
"479","110","96","63","6"
"480","110","94","63","5"
"481","110","95","63","5"
"482","110","94","63","3"
"483","110","96","63","7"
"484","111","94","93","7"
"485","111","94","93","6"
"486","111","94","93","6"
"487","111","95","93","1"
"488","112","94","0","3"
"489","112","94","0","2"
"490","112","96","0","5"
"491","112","94","0","2"
"492","113","102","36","3"
"493","113","103","36","2"
"494","113","103","36","3"
"495","113","99","36","2"
"496","113","99","36","3"
"497","113","103","36","2"
"498","113","100","36","1"
"499","114","99","0","3"
"500","114","101","0","3"
"501","114","99","0","1"
"502","114","105","0","3"
"503","114","101","0","1"
"504","114","99","0","2"
"505","114","99","0","5"
"506","115","101","59","2"
"507","115","99","59","5"
"508","115","101","59","1"
"509","115","105","59","2"
"510","115","103","59","4"
"511","115","99","59","2"
"512","116","105","66","1"
"513","116","101","66","3"
"514","116","99","66","1"
"515","116","99","66","6"
"516","116","101","66","1"
"517","116","102","66","3"
"518","116","99","66","3"
"519","117","100","66","1"
"520","117","99","66","4"
"521","117","99","66","1"
"522","117","99","66","1"
"523","117","99","66","2"
"524","117","99","66","1"
"525","117","104","66","2"
"526","118","99","8","2"
"527","118","100","8","2"
"528","118","103","8","3"
"529","118","101","8","3"
"530","118","99","8","2"
"531","118","99","8","2"
"532","119","99","2","6"
"533","119","99","2","4"
"534","119","105","2","4"
"535","119","102","2","1"
"536","119","100","2","2"
"537","119","103","2","2"
"538","119","99","2","1"
"539","120","102","78","3"
"540","120","101","78","1"
"541","120","102","78","2"
"542","120","99","78","4"
"543","120","100","78","2"
"544","120","101","78","2"
"545","121","106","30","6"
"546","121","107","30","10"
"547","121","106","30","12"
"548","121","107","30","9"
"549","121","107","30","11"
"550","121","108","30","6"
"551","122","106","30","4"
"552","122","109","30","4"
"553","122","108","30","3"
"554","122","109","30","4"
"555","122","107","30","7"
"556","122","106","30","8"
"557","123","106","17","4"
"558","123","108","17","8"
"559","123","111","17","7"
"560","123","109","17","4"
"561","123","111","17","5"
"562","123","110","17","12"
"563","124","112","10","8"
"564","125","112","2","4"
"565","126","112","0","4"
"566","127","112","46","5"
"567","128","112","78","6"
"568","129","112","0","6"
"569","130","112","7","10"
"570","131","112","77","3"
"571","132","112","25","2"
"572","133","113","13","10"
"573","133","113","13","9"
"574","134","113","43","3"
"575","135","114","17","19"
"576","136","115","20","8"
"577","136","115","20","12"
"578","136","115","20","12"
"579","136","115","20","3"
"580","137","116","2","6"
"581","137","116","2","5"
"582","137","118","2","11"
"583","138","122","4","5"
"584","138","124","4","2"
"585","138","123","4","5"
"586","138","121","4","5"
"587","138","122","4","3"
"588","139","120","0","4"
"589","139","120","0","2"
"590","139","121","0","2"
"591","139","120","0","3"
"592","139","124","0","5"
"593","140","120","9","1"
"594","140","120","9","3"
"595","140","123","9","1"
"596","140","122","9","1"
"597","141","123","56","1"
"598","141","120","56","6"
"599","141","120","56","1"
"600","141","120","56","3"
"601","141","122","56","3"
"602","142","120","0","1"
"603","142","123","0","6"
"604","142","120","0","6"
"605","142","122","0","3"
"606","143","120","24","5"
"607","143","122","24","3"
"608","143","123","24","3"
"609","143","122","24","1"
"610","143","121","24","2"
"611","144","122","4","7"
"612","144","120","4","1"
"613","144","122","4","2"
"614","144","122","4","4"
"615","144","124","4","3"
"616","145","127","0","3"
"617","145","126","0","2"
"618","145","125","0","6"
"619","145","125","0","4"
"620","145","125","0","3"
"621","146","126","2","6"
"622","146","125","2","1"
"623","146","125","2","3"
"624","146","127","2","3"
"625","146","125","2","7"
"626","147","125","1","2"
"627","147","129","1","1"
"628","147","128","1","2"
"629","147","127","1","7"
"630","148","127","31","2"
"631","148","128","31","3"
"632","148","127","31","4"
"633","149","131","21","6"
"634","149","130","21","7"
"635","149","135","21","13"
"636","149","130","21","6"
"637","149","130","21","6"
"638","149","132","21","8"
"639","150","133","10","12"
"640","150","135","10","4"
"641","150","131","10","7"
"642","150","130","10","2"
"643","150","132","10","9"
"644","150","134","10","10"
"645","151","136","83","3"
"646","151","139","83","1"
"647","151","136","83","1"
"648","151","139","83","3"
"649","151","136","83","2"
"650","152","140","75","1"
"651","152","137","75","4"
"652","152","137","75","2"
"653","152","136","75","1"
"654","152","138","75","4"
"655","153","137","6","8"
"656","153","136","6","4"
"657","153","140","6","3"
"658","153","140","6","2"
"659","153","138","6","5"
"660","154","140","63","2"
"661","154","137","63","1"
"662","154","139","63","2"
"663","154","140","63","1"
"664","155","136","94","1"
"665","155","136","94","2"
"666","155","138","94","1"
"667","155","136","94","1"
"668","155","136","94","1"
"669","156","138","50","2"
"670","156","139","50","4"
"671","156","137","50","2"
"672","156","137","50","4"
"673","157","138","15","4"
"674","157","136","15","2"
"675","157","138","15","1"
"676","157","136","15","3"
"677","158","136","53","1"
"678","158","136","53","5"
"679","158","136","53","4"
"680","158","136","53","2"
"681","159","141","16","1"
"682","159","141","16","4"
"683","159","144","16","1"
"684","159","145","16","3"
"685","159","145","16","3"
"686","160","143","89","6"
"687","160","147","89","5"
"688","160","141","89","3"
"689","160","141","89","2"
"690","160","141","89","1"
"691","160","141","89","4"
"692","160","146","89","3"
"693","161","145","6","1"
"694","161","147","6","2"
"695","161","144","6","1"
"696","161","141","6","2"
"697","161","147","6","1"
"698","161","146","6","4"
"699","161","143","6","1"
"700","162","142","4","4"
"701","162","146","4","3"
"702","162","147","4","1"
"703","162","142","4","1"
"704","162","141","4","5"
"705","162","142","4","1"
"706","162","145","4","3"
"707","163","143","8","2"
"708","163","142","8","2"
"709","163","147","8","1"
"710","163","141","8","1"
"711","163","141","8","2"
"712","163","143","8","1"
"713","163","147","8","3"
"714","164","145","31","2"
"715","164","141","31","2"
"716","164","146","31","3"
"717","164","141","31","3"
"718","164","141","31","1"
"719","164","142","31","1"
"720","165","141","42","1"
"721","165","141","42","2"
"722","165","143","42","4"
"723","165","141","42","1"
"724","165","147","42","2"
"725","165","142","42","1"
"726","165","143","42","1"
"727","166","148","34","4"
"728","166","148","34","8"
"729","166","150","34","4"
"730","167","148","73","10"
"731","167","148","73","15"
"732","167","149","73","11"
"733","168","149","89","9"
"734","168","150","89","7"
"735","168","149","89","6"
"736","169","148","12","1"
"737","169","149","12","7"
"738","170","153","11","2"
"739","170","151","11","4"
"740","170","155","11","2"
"741","170","156","11","4"
"742","170","151","11","4"
"743","170","151","11","2"
"744","171","155","11","3"
"745","171","155","11","5"
"746","171","154","11","3"
"747","171","155","11","3"
"748","171","154","11","4"
"749","171","152","11","2"
"750","172","153","38","4"
"751","172","154","38","2"
"752","172","152","38","2"
"753","172","154","38","1"
"754","172","151","38","2"
"755","172","151","38","1"
"756","173","153","10","4"
"757","173","153","10","1"
"758","173","152","10","4"
"759","173","152","10","5"
"760","173","155","10","7"
"761","173","151","10","5"
"762","174","156","20","3"
"763","174","156","20","2"
"764","174","154","20","2"
"765","174","152","20","1"
"766","174","153","20","6"
"767","174","152","20","2"
"768","175","152","6","1"
"769","175","153","6","1"
"770","175","155","6","2"
"771","176","153","10","1"
"772","176","155","10","1"
"773","176","151","10","2"
"774","176","155","10","1"
"775","176","156","10","1"
"776","177","155","27","2"
"777","177","152","27","1"
"778","177","154","27","2"
"779","177","152","27","1"
"780","178","155","11","1"
"781","178","152","11","2"
"782","178","151","11","1"
"783","178","151","11","1"
"784","178","152","11","3"
"785","179","159","18","8"
"786","179","157","18","13"
"787","179","157","18","11"
"788","180","157","76","9"
"789","180","157","76","6"
"790","180","159","76","15"
"791","181","158","3","16"
"792","181","157","3","12"
"793","181","159","3","22"
"794","182","159","59","6"
"795","182","158","59","7"
"796","182","159","59","13"
"797","183","160","1","13"
"798","183","160","1","16"
"799","184","160","1","21"
"800","184","160","1","3"
"801","186","165","32","2"
"802","186","167","32","2"
"803","186","167","32","2"
"804","186","162","32","1"
"805","186","162","32","3"
"806","186","167","32","3"
"807","186","167","32","3"
"808","187","168","19","5"
"809","187","164","19","1"
"810","187","163","19","4"
"811","187","162","19","7"
"812","187","162","19","2"
"813","187","168","19","1"
"814","188","165","35","4"
"815","188","166","35","5"
"816","188","163","35","3"
"817","188","166","35","5"
"818","188","162","35","4"
"819","188","162","35","4"
"820","188","167","35","5"
"821","189","162","0","2"
"822","189","165","0","2"
"823","189","168","0","1"
"824","189","163","0","1"
"825","189","164","0","1"
"826","189","162","0","1"
"827","190","168","2","2"
"828","190","162","2","1"
"829","190","167","2","2"
"830","190","162","2","1"
"831","190","168","2","1"
"832","190","162","2","2"
"833","190","165","2","3"
"834","191","163","0","2"
"835","191","162","0","2"
"836","191","162","0","3"
"837","191","162","0","1"
"838","191","166","0","1"
"839","191","165","0","1"
"840","192","163","91","2"
"841","192","165","91","7"
"842","192","168","91","5"
"843","192","168","91","3"
"844","192","165","91","5"
"845","192","163","91","5"
"846","192","162","91","3"
"847","193","163","0","3"
"848","193","167","0","4"
"849","193","162","0","3"
"850","193","163","0","2"
"851","193","162","0","1"
"852","193","165","0","3"
"853","194","172","56","24"
"854","194","169","56","29"
"855","194","172","56","18"
"856","194","171","56","23"
"857","194","169","56","31"
"858","195","175","3","19"
"859","195","174","3","20"
"860","195","174","3","14"
"861","196","176","87","17"
"862","197","179","19","8"
"863","197","177","19","7"
"864","197","178","19","8"
"865","197","178","19","7"
"866","198","178","12","10"
"867","198","179","12","10"
"868","198","178","12","15"
"869","198","177","12","7"
"870","199","178","85","9"
"871","199","177","85","8"
"872","199","179","85","3"
"873","199","177","85","8"
"874","200","181","91","52"
"875","201","184","0","5"
"876","201","183","0","5"
"877","201","182","0","2"
"878","201","182","0","2"
"879","202","184","60","5"
"880","202","182","60","4"
"881","202","185","60","3"
"882","202","183","60","4"
"883","203","183","53","4"
"884","203","183","53","4"
"885","203","184","53","2"
"886","204","183","0","3"
"887","204","184","0","4"
"888","204","183","0","6"
"889","204","182","0","1"
"890","205","182","7","6"
"891","205","182","7","9"
"892","205","182","7","6"
"893","205","182","7","2"
"894","206","183","25","4"
"895","207","184","78","5"
"896","207","184","78","1"
"897","207","183","78","6"
"898","209","186","0","5"
"899","209","186","0","9"
"900","209","186","0","10"
"901","209","186","0","8"
"902","210","187","40","10"
"903","210","188","40","11"
"904","210","187","40","9"
"905","210","186","40","14"
"906","211","188","47","15"
"907","211","186","47","10"
"908","211","189","47","8"
"909","211","186","47","11"
"910","212","190","12","9"
"911","212","191","12","8"
"912","213","191","89","10"
"913","213","190","89","11"
"914","214","191","49","10"
"915","214","190","49","8"
"916","215","191","20","2"
"917","215","190","20","5"
"918","216","190","13","5"
"919","217","190","8","9"
"920","217","190","8","2"
"921","220","192","11","9"
"922","220","192","11","6"
"923","220","194","11","10"
"924","220","198","11","3"
"925","220","195","11","8"
"926","220","192","11","10"
"927","220","192","11","8"
"928","221","192","38","9"
"929","221","192","38","4"
"930","221","196","38","6"
"931","221","193","38","6"
"932","221","194","38","8"
"933","221","195","38","4"
"934","221","192","38","7"
"935","222","194","40","5"
"936","222","198","40","5"
"937","222","192","40","6"
"938","222","195","40","7"
"939","222","193","40","15"
"940","222","192","40","4"
"941","222","193","40","8"
"942","223","199","20","4"
"943","223","199","20","5"
"944","223","199","20","2"
"945","223","199","20","3"
"946","223","205","20","9"
"947","223","205","20","2"
"948","223","199","20","3"
"949","224","199","5","3"
"950","224","200","5","3"
"951","224","199","5","6"
"952","224","204","5","6"
"953","224","199","5","2"
"954","224","201","5","4"
"955","224","199","5","2"
"956","225","199","3","4"
"957","225","205","3","4"
"958","225","199","3","4"
"959","225","200","3","4"
"960","225","200","3","6"
"961","225","203","3","8"
"962","225","202","3","10"
"963","226","200","89","4"
"964","226","204","89","3"
"965","226","201","89","1"
"966","226","200","89","4"
"967","226","199","89","1"
"968","226","200","89","4"
"969","226","205","89","5"
"970","227","205","15","4"
"971","227","200","15","3"
"972","227","199","15","3"
"973","227","202","15","1"
"974","227","199","15","3"
"975","227","203","15","6"
"976","227","201","15","2"
"977","228","200","60","3"
"978","228","200","60","6"
"979","228","201","60","1"
"980","228","199","60","2"
"981","228","202","60","4"
"982","228","199","60","2"
"983","229","206","0","3"
"984","229","206","0","3"
"985","229","209","0","1"
"986","229","208","0","1"
"987","230","206","99","2"
"988","230","207","99","7"
"989","230","206","99","3"
"990","230","206","99","5"
"991","230","206","99","6"
"992","230","211","99","1"
"993","231","208","64","3"
"994","231","207","64","4"
"995","231","206","64","1"
"996","231","206","64","4"
"997","231","209","64","2"
"998","231","209","64","4"
"999","232","208","12","2"
"1000","232","208","12","3"
"1001","232","206","12","5"
"1002","232","208","12","3"
"1003","232","208","12","4"
"1004","232","207","12","3"
"1005","233","206","3","5"
"1006","233","211","3","2"
"1007","233","206","3","3"
"1008","233","208","3","3"
"1009","233","211","3","4"
"1010","233","206","3","5"
"1011","234","207","4","2"
"1012","234","207","4","3"
"1013","234","207","4","4"
"1014","234","206","4","2"
"1015","234","210","4","3"
"1016","234","207","4","4"
"1017","235","209","2","4"
"1018","235","206","2","1"
"1019","235","207","2","3"
"1020","235","208","2","5"
"1021","235","209","2","2"
"1022","235","206","2","5"
"1023","236","211","94","1"
"1024","236","211","94","4"
"1025","236","207","94","9"
"1026","236","208","94","5"
"1027","236","206","94","3"
"1028","237","212","32","16"
"1029","238","212","1","3"
"1030","239","212","42","13"
"1031","240","212","38","7"
"1032","241","212","65","10"
"1033","242","212","0","3"
"1034","245","213","80","13"
"1035","245","213","80","6"
"1036","245","213","80","7"
"1037","246","213","26","13"
"1038","246","213","26","18"
"1039","246","213","26","3"
"1040","247","214","2","12"
"1041","248","215","61","8"
"1042","249","216","77","2"
"1043","249","217","77","4"
"1044","249","216","77","3"
"1045","249","217","77","4"
"1046","249","219","77","1"
"1047","250","218","36","4"
"1048","250","216","36","5"
"1049","250","216","36","5"
"1050","250","220","36","5"
"1051","250","216","36","5"
"1052","251","216","10","2"
"1053","251","216","10","8"
"1054","251","219","10","9"
"1055","251","219","10","7"
"1056","251","218","10","2"
"1057","252","216","62","3"
"1058","252","216","62","15"
"1059","252","216","62","6"
"1060","252","217","62","6"
"1061","252","220","62","6"
"1062","253","220","42","3"
"1063","253","219","42","7"
"1064","253","218","42","4"
"1065","253","216","42","3"
"1066","253","217","42","5"
"1067","254","218","37","2"
"1068","254","216","37","6"
"1069","254","216","37","6"
"1070","254","216","37","7"
"1071","254","217","37","5"
"1072","255","222","25","5"
"1073","255","221","25","4"
"1074","256","221","34","9"
"1075","256","221","34","9"
"1076","257","222","26","5"
"1077","257","221","26","7"
"1078","258","222","1","6"
"1079","258","221","1","8"
"1080","259","222","3","8"
"1081","259","222","3","5"
"1082","260","222","0","4"
"1083","260","221","0","2"
"1084","261","221","22","10"
"1085","261","221","22","7"
"1086","262","221","0","14"
"1087","262","221","0","6"
"1088","264","223","30","15"
"1089","264","223","30","5"
"1090","264","223","30","9"
"1091","265","225","9","10"
"1092","265","225","9","6"
"1093","266","225","73","8"
"1094","267","227","59","8"
"1095","267","226","59","6"
"1096","268","227","69","2"
"1097","268","227","69","2"
"1098","269","226","63","3"
"1099","269","226","63","2"
"1100","270","226","82","4"
"1101","270","226","82","5"
"1102","271","226","0","5"
"1103","272","227","31","3"
"1104","273","227","37","10"
"1105","275","234","36","2"
"1106","275","231","36","3"
"1107","275","231","36","5"
"1108","275","229","36","7"
"1109","275","231","36","3"
"1110","275","228","36","7"
"1111","275","228","36","3"
"1112","276","229","4","5"
"1113","276","232","4","2"
"1114","276","232","4","7"
"1115","276","230","4","2"
"1116","276","228","4","4"
"1117","276","232","4","3"
"1118","276","229","4","1"
"1119","277","230","13","1"
"1120","277","229","13","2"
"1121","277","229","13","3"
"1122","277","228","13","4"
"1123","277","228","13","3"
"1124","277","233","13","5"
"1125","277","229","13","2"
"1126","278","230","16","4"
"1127","278","231","16","1"
"1128","278","229","16","4"
"1129","278","228","16","2"
"1130","278","228","16","1"
"1131","279","235","77","8"
"1132","280","235","39","8"
"1133","281","235","6","4"
"1134","282","235","90","6"
"1135","283","235","16","9"
"1136","284","235","10","9"
"1137","285","235","31","8"
"1138","286","235","0","1"
"1139","288","241","58","7"
"1140","288","238","58","4"
"1141","288","236","58","8"
"1142","288","236","58","10"
"1143","288","238","58","5"
"1144","288","241","58","4"
"1145","289","237","68","6"
"1146","289","237","68","5"
"1147","289","236","68","6"
"1148","289","237","68","2"
"1149","289","236","68","8"
"1150","289","237","68","7"
"1151","290","241","29","5"
"1152","290","239","29","1"
"1153","290","239","29","3"
"1154","290","238","29","2"
"1155","290","238","29","13"
"1156","290","236","29","1"
"1157","291","239","80","4"
"1158","291","237","80","5"
"1159","291","238","80","6"
"1160","291","237","80","9"
"1161","292","247","47","8"
"1162","292","242","47","9"
"1163","292","242","47","9"
"1164","292","246","47","15"
"1165","292","242","47","8"
"1166","292","246","47","2"
"1167","292","247","47","3"
"1168","293","242","25","10"
"1169","293","247","25","9"
"1170","293","245","25","9"
"1171","293","244","25","10"
"1172","293","245","25","14"
"1173","293","244","25","8"
"1174","293","242","25","18"
"1175","294","251","73","5"
"1176","294","249","73","2"
"1177","294","252","73","3"
"1178","294","249","73","5"
"1179","294","252","73","4"
"1180","294","253","73","3"
"1181","295","249","14","6"
"1182","295","251","14","2"
"1183","295","251","14","2"
"1184","295","250","14","5"
"1185","295","249","14","3"
"1186","295","249","14","4"
"1187","296","249","5","6"
"1188","296","251","5","7"
"1189","296","250","5","6"
"1190","296","249","5","4"
"1191","296","251","5","7"
"1192","296","250","5","6"
"1193","297","250","1","3"
"1194","297","250","1","2"
"1195","297","253","1","1"
"1196","297","254","1","4"
"1197","297","249","1","2"
"1198","297","249","1","4"
"1199","298","249","26","3"
"1200","298","254","26","4"
"1201","298","249","26","3"
"1202","298","249","26","1"
"1203","298","251","26","6"
"1204","298","252","26","5"
"1205","299","259","84","1"
"1206","299","258","84","2"
"1207","299","258","84","3"
"1208","299","255","84","1"
"1209","299","256","84","1"
"1210","300","255","18","2"
"1211","300","255","18","1"
"1212","300","256","18","5"
"1213","300","256","18","2"
"1214","301","255","71","2"
"1215","301","258","71","4"
"1216","301","256","71","4"
"1217","302","255","94","2"
"1218","302","255","94","2"
"1219","302","259","94","5"
"1220","302","255","94","2"
"1221","302","256","94","3"
"1222","303","255","15","5"
"1223","303","257","15","2"
"1224","303","256","15","1"
"1225","303","257","15","2"
"1226","304","256","94","5"
"1227","304","258","94","2"
"1228","304","255","94","2"
"1229","304","255","94","1"
"1230","304","255","94","2"
"1231","305","255","30","5"
"1232","305","255","30","3"
"1233","305","255","30","3"
"1234","305","255","30","3"
"1235","306","257","0","2"
"1236","306","255","0","4"
"1237","306","257","0","2"
"1238","306","255","0","3"
"1239","306","259","0","3"
"1240","307","255","66","6"
"1241","307","255","66","8"
"1242","307","259","66","4"
"1243","307","257","66","6"
"1244","307","257","66","2"
"1245","308","261","39","3"
"1246","308","260","39","1"
"1247","309","261","34","1"
"1248","309","260","34","2"
"1249","310","260","0","7"
"1250","310","261","0","7"
"1251","311","261","6","3"
"1252","311","260","6","1"
"1253","312","260","0","3"
"1254","312","261","0","2"
"1255","313","260","1","5"
"1256","313","260","1","6"
"1257","314","260","8","4"
"1258","317","262","63","6"
"1259","317","263","63","3"
"1260","317","262","63","4"
"1261","317","264","63","8"
"1262","317","266","63","6"
"1263","317","262","63","3"
"1264","318","263","59","3"
"1265","318","262","59","8"
"1266","318","267","59","1"
"1267","318","266","59","5"
"1268","318","262","59","6"
"1269","318","262","59","3"
"1270","319","264","0","5"
"1271","319","262","0","4"
"1272","319","264","0","2"
"1273","319","262","0","7"
"1274","319","263","0","3"
"1275","319","262","0","3"
"1276","320","268","92","22"
"1277","320","270","92","22"
"1278","320","268","92","21"
"1279","320","268","92","7"
"1280","321","272","45","20"
"1281","322","272","29","22"
"1282","323","273","0","3"
"1283","323","275","0","2"
"1284","323","277","0","5"
"1285","323","273","0","2"
"1286","323","273","0","3"
"1287","323","275","0","1"
"1288","324","276","4","4"
"1289","324","275","4","4"
"1290","324","273","4","6"
"1291","324","277","4","3"
"1292","324","273","4","7"
"1293","324","276","4","4"
"1294","325","277","0","5"
"1295","325","274","0","3"
"1296","325","274","0","4"
"1297","325","273","0","6"
"1298","325","276","0","5"
"1299","325","275","0","3"
"1300","326","278","0","7"
"1301","326","275","0","2"
"1302","326","277","0","6"
"1303","326","274","0","7"
"1304","326","278","0","3"
"1305","326","275","0","5"
"1306","327","277","11","3"
"1307","327","273","11","1"
"1308","327","273","11","5"
"1309","327","275","11","4"
"1310","327","273","11","4"
"1311","328","283","5","1"
"1312","328","283","5","3"
"1313","328","279","5","4"
"1314","328","284","5","8"
"1315","328","281","5","7"
"1316","328","279","5","3"
"1317","329","280","2","2"
"1318","329","281","2","5"
"1319","329","279","2","7"
"1320","329","282","2","3"
"1321","329","279","2","3"
"1322","330","282","42","4"
"1323","330","279","42","1"
"1324","330","284","42","7"
"1325","330","279","42","2"
"1326","330","279","42","2"
"1327","331","279","20","3"
"1328","331","282","20","4"
"1329","331","281","20","7"
"1330","331","279","20","2"
"1331","331","280","20","4"
"1332","332","279","14","4"
"1333","332","281","14","2"
"1334","332","284","14","3"
"1335","332","284","14","1"
"1336","332","282","14","6"
"1337","333","281","93","1"
"1338","333","283","93","7"
"1339","334","285","58","15"
"1340","335","285","33","9"
"1341","336","285","94","13"
"1342","337","285","8","8"
"1343","338","292","27","1"
"1344","338","287","27","7"
"1345","338","287","27","3"
"1346","338","292","27","4"
"1347","338","286","27","4"
"1348","338","292","27","3"
"1349","338","287","27","2"
"1350","339","286","3","9"
"1351","339","287","3","3"
"1352","339","286","3","7"
"1353","339","286","3","2"
"1354","339","287","3","6"
"1355","339","288","3","7"
"1356","339","287","3","6"
"1357","340","286","3","4"
"1358","340","286","3","6"
"1359","340","286","3","4"
"1360","340","286","3","6"
"1361","340","289","3","6"
"1362","340","286","3","7"
"1363","340","292","3","5"
"1364","341","294","50","12"
"1365","341","293","50","11"
"1366","342","293","65","15"
"1367","342","293","65","3"
"1368","343","294","5","16"
"1369","344","295","79","30"
"1370","344","296","79","30"
"1371","345","295","87","25"
"1372","346","297","93","17"
"1373","346","297","93","11"
"1374","346","298","93","12"
"1375","347","298","54","6"
"1376","347","299","54","12"
"1377","347","297","54","12"
"1378","348","298","1","15"
"1379","348","297","1","10"
"1380","348","297","1","5"
"1381","349","298","27","5"
"1382","350","300","18","3"
"1383","350","300","18","6"
"1384","350","302","18","4"
"1385","350","303","18","7"
"1386","350","300","18","6"
"1387","351","300","3","6"
"1388","351","302","3","4"
"1389","351","300","3","9"
"1390","351","300","3","7"
"1391","351","300","3","8"
"1392","352","304","43","8"
"1393","352","300","43","3"
"1394","352","302","43","10"
"1395","352","304","43","4"
"1396","352","300","43","5"
"1397","353","301","3","3"
"1398","353","300","3","2"
"1399","353","302","3","5"
"1400","354","301","16","3"
"1401","354","301","16","7"
"1402","354","303","16","5"
"1403","354","301","16","7"
"1404","355","301","20","4"
"1405","355","302","20","4"
"1406","355","302","20","6"
"1407","355","303","20","6"
"1408","355","301","20","2"
"1409","356","305","53","4"
"1410","356","305","53","3"
"1411","356","305","53","4"
"1412","356","306","53","7"
"1413","356","309","53","4"
"1414","356","308","53","8"
"1415","357","306","22","5"
"1416","357","305","22","4"
"1417","357","310","22","4"
"1418","357","308","22","9"
"1419","357","305","22","10"
"1420","357","310","22","6"
"1421","358","306","9","5"
"1422","358","305","9","4"
"1423","358","309","9","5"
"1424","358","308","9","10"
"1425","358","305","9","8"
"1426","358","308","9","4"
"1427","359","311","64","17"
"1428","359","311","64","15"
"1429","359","311","64","15"
"1430","359","314","64","16"
"1431","360","314","31","16"
"1432","361","315","57","9"
"1433","362","315","0","5"
"1434","363","315","45","8"
"1435","364","315","1","12"
"1436","365","315","27","7"
"1437","366","315","0","8"
"1438","367","315","42","6"
"1439","368","315","68","6"
"1440","370","319","65","2"
"1441","370","318","65","6"
"1442","370","316","65","3"
"1443","370","316","65","6"
"1444","370","320","65","2"
"1445","370","316","65","5"
"1446","370","320","65","4"
"1447","371","319","30","3"
"1448","371","317","30","6"
"1449","371","317","30","2"
"1450","371","316","30","5"
"1451","371","321","30","7"
"1452","371","316","30","4"
"1453","371","318","30","11"
"1454","372","316","0","2"
"1455","372","319","0","6"
"1456","372","318","0","4"
"1457","372","317","0","4"
"1458","372","320","0","1"
"1459","372","316","0","3"
"1460","372","318","0","2"
"1461","373","320","87","3"
"1462","373","322","87","4"
"1463","373","322","87","2"
"1464","373","317","87","2"
"1465","373","316","87","2"
"1466","373","320","87","3"
"1467","373","319","87","4"
"1468","374","316","65","5"
"1469","374","317","65","3"
"1470","374","319","65","9"
"1471","374","322","65","2"
"1472","374","317","65","6"
"1473","374","316","65","3"
"1474","374","321","65","8"
"1475","375","323","37","13"
"1476","375","323","37","14"
"1477","375","324","37","25"
"1478","376","323","0","13"
"1479","376","325","0","14"
"1480","376","324","0","11"
"1481","377","323","39","24"
"1482","377","325","39","19"
"1483","377","323","39","9"
"1484","378","326","22","18"
"1485","379","326","0","25"
"1486","380","326","2","23"
"1487","381","327","93","10"
"1488","381","328","93","11"
"1489","382","328","79","9"
"1490","382","327","79","11"
"1491","383","327","15","10"
"1492","383","328","15","10"
"1493","384","327","1","16"
"1494","384","328","1","16"
"1495","385","328","0","17"
"1496","385","328","0","6"
"1497","386","327","1","9"
"1498","386","327","1","5"
"1499","387","329","11","16"
"1500","388","329","15","9"
"1501","389","329","0","9"
"1502","390","329","0","3"
"1503","393","332","4","8"
"1504","393","330","4","5"
"1505","393","331","4","9"
"1506","394","332","41","1"
"1507","394","330","41","6"
"1508","394","330","41","4"
"1509","395","330","0","6"
"1510","395","332","0","5"
"1511","395","331","0","3"
"1512","396","332","8","7"
"1513","396","330","8","4"
"1514","396","330","8","3"
"1515","397","330","20","8"
"1516","397","330","20","8"
"1517","397","330","20","4"
"1518","398","330","23","5"
"1519","399","332","0","3"
"1520","399","331","0","6"
"1521","400","335","53","2"
"1522","400","334","53","4"
"1523","400","336","53","5"
"1524","400","334","53","1"
"1525","400","333","53","4"
"1526","401","333","0","3"
"1527","401","336","0","5"
"1528","401","336","0","6"
"1529","401","335","0","2"
"1530","402","333","85","2"
"1531","402","334","85","3"
"1532","402","334","85","5"
"1533","402","333","85","1"
"1534","402","337","85","7"
"1535","403","333","87","4"
"1536","403","333","87","2"
"1537","403","337","87","3"
"1538","403","335","87","1"
"1539","404","337","0","5"
"1540","404","336","0","8"
"1541","404","333","0","3"
"1542","404","333","0","7"
"1543","404","333","0","3"
"1544","405","333","98","2"
"1545","405","336","98","2"
"1546","405","335","98","2"
"1547","405","334","98","2"
"1548","405","333","98","2"
"1549","406","336","5","4"
"1550","406","333","5","6"
"1551","406","333","5","6"
"1552","406","334","5","4"
"1553","406","333","5","4"
"1554","407","339","33","9"
"1555","407","338","33","16"
"1556","407","338","33","14"
"1557","407","338","33","11"
"1558","408","338","45","4"
"1559","408","339","45","8"
"1560","408","341","45","9"
"1561","409","341","3","5"
"1562","409","341","3","7"
"1563","410","345","47","2"
"1564","410","342","47","3"
"1565","410","346","47","3"
"1566","410","342","47","4"
"1567","410","342","47","6"
"1568","410","342","47","4"
"1569","411","342","14","8"
"1570","411","342","14","4"
"1571","411","342","14","3"
"1572","411","344","14","9"
"1573","411","343","14","7"
"1574","412","345","96","3"
"1575","412","344","96","3"
"1576","412","346","96","3"
"1577","412","343","96","5"
"1578","413","343","0","7"
"1579","413","344","0","6"
"1580","413","343","0","7"
"1581","413","344","0","3"
"1582","413","344","0","4"
"1583","414","350","0","8"
"1584","414","348","0","8"
"1585","414","352","0","3"
"1586","414","348","0","2"
"1587","414","348","0","5"
"1588","415","348","2","2"
"1589","415","349","2","4"
"1590","415","348","2","4"
"1591","415","349","2","4"
"1592","415","349","2","6"
"1593","416","350","55","9"
"1594","416","348","55","2"
"1595","416","352","55","2"
"1596","416","348","55","4"
"1597","416","348","55","3"
"1598","417","348","29","2"
"1599","417","348","29","3"
"1600","417","348","29","6"
"1601","417","348","29","2"
"1602","417","350","29","9"
"1603","418","348","50","5"
"1604","418","348","50","8"
"1605","418","349","50","4"
"1606","418","352","50","5"
"1607","418","352","50","2"
"1608","419","353","45","1"
"1609","419","353","45","3"
"1610","419","353","45","3"
"1611","419","354","45","2"
"1612","419","355","45","6"
"1613","419","355","45","3"
"1614","420","357","1","2"
"1615","420","353","1","4"
"1616","420","358","1","2"
"1617","420","359","1","9"
"1618","420","355","1","4"
"1619","420","357","1","1"
"1620","420","358","1","2"
"1621","421","357","97","2"
"1622","421","353","97","4"
"1623","421","354","97","2"
"1624","421","358","97","1"
"1625","421","353","97","1"
"1626","422","355","53","2"
"1627","422","356","53","6"
"1628","422","353","53","4"
"1629","422","359","53","2"
"1630","422","356","53","1"
"1631","422","354","53","2"
"1632","422","355","53","1"
"1633","423","355","82","4"
"1634","423","357","82","2"
"1635","423","353","82","1"
"1636","423","355","82","2"
"1637","423","359","82","4"
"1638","423","357","82","1"
"1639","424","353","15","2"
"1640","424","354","15","2"
"1641","424","355","15","1"
"1642","424","359","15","1"
"1643","424","353","15","1"
"1644","424","354","15","1"
"1645","425","353","73","4"
"1646","425","354","73","5"
"1647","425","359","73","2"
"1648","425","357","73","4"
"1649","425","355","73","1"
"1650","425","353","73","4"
"1651","426","360","85","5"
"1652","426","360","85","4"
"1653","426","362","85","4"
"1654","426","363","85","9"
"1655","427","364","3","4"
"1656","427","360","3","8"
"1657","427","364","3","6"
"1658","427","364","3","11"
"1659","427","360","3","10"
"1660","429","365","16","9"
"1661","430","365","18","11"
"1662","431","365","68","7"
"1663","432","365","38","5"
"1664","433","365","16","9"
"1665","434","365","4","7"
"1666","435","365","0","9"
"1667","436","366","15","17"
"1668","436","367","15","20"
"1669","437","367","6","21"
"1670","437","366","6","20"
"1671","438","366","13","15"
"1672","439","369","22","28"
"1673","439","368","22","32"
"1674","440","371","2","8"
"1675","440","371","2","13"
"1676","440","372","2","4"
"1677","440","371","2","7"
"1678","441","373","29","2"
"1679","441","371","29","3"
"1680","441","372","29","2"
"1681","441","373","29","3"
"1682","442","371","12","6"
"1683","442","372","12","4"
"1684","442","374","12","6"
"1685","442","371","12","6"
"1686","443","373","38","6"
"1687","443","371","38","7"
"1688","443","374","38","10"
"1689","443","372","38","9"
"1690","444","381","2","3"
"1691","444","375","2","1"
"1692","444","377","2","4"
"1693","444","376","2","2"
"1694","444","379","2","1"
"1695","444","375","2","1"
"1696","444","381","2","2"
"1697","445","380","14","2"
"1698","445","375","14","1"
"1699","445","381","14","1"
"1700","445","376","14","2"
"1701","445","376","14","4"
"1702","446","377","21","1"
"1703","446","375","21","3"
"1704","446","375","21","1"
"1705","446","375","21","1"
"1706","446","377","21","1"
"1707","446","377","21","3"
"1708","447","375","9","2"
"1709","447","376","9","1"
"1710","447","381","9","2"
"1711","447","376","9","2"
"1712","447","379","9","3"
"1713","447","376","9","5"
"1714","447","378","9","1"
"1715","448","375","35","1"
"1716","448","381","35","1"
"1717","448","377","35","1"
"1718","448","376","35","1"
"1719","449","375","49","2"
"1720","449","376","49","1"
"1721","449","376","49","3"
"1722","449","377","49","1"
"1723","449","378","49","1"
"1724","450","379","0","2"
"1725","450","375","0","2"
"1726","450","380","0","2"
"1727","450","375","0","4"
"1728","451","375","14","1"
"1729","451","375","14","1"
"1730","451","376","14","2"
"1731","451","380","14","2"
"1732","452","382","8","1"
"1733","452","383","8","1"
"1734","452","383","8","3"
"1735","452","388","8","3"
"1736","452","384","8","2"
"1737","452","382","8","2"
"1738","453","383","3","2"
"1739","453","388","3","1"
"1740","453","382","3","2"
"1741","453","387","3","2"
"1742","453","385","3","2"
"1743","453","385","3","1"
"1744","454","384","25","1"
"1745","454","385","25","2"
"1746","454","382","25","1"
"1747","454","383","25","3"
"1748","454","384","25","1"
"1749","454","382","25","2"
"1750","455","383","6","1"
"1751","455","384","6","4"
"1752","455","384","6","1"
"1753","455","382","6","3"
"1754","455","382","6","2"
"1755","455","382","6","1"
"1756","456","382","10","4"
"1757","456","382","10","2"
"1758","456","386","10","1"
"1759","456","386","10","3"
"1760","456","388","10","1"
"1761","456","385","10","1"
"1762","457","382","1","2"
"1763","457","385","1","2"
"1764","457","382","1","2"
"1765","457","384","1","1"
"1766","457","384","1","2"
"1767","457","383","1","3"
"1768","457","384","1","2"
"1769","458","385","1","1"
"1770","458","384","1","1"
"1771","458","388","1","1"
"1772","458","385","1","3"
"1773","459","386","95","3"
"1774","459","382","95","2"
"1775","459","382","95","2"
"1776","459","382","95","1"
"1777","459","382","95","2"
"1778","460","392","23","4"
"1779","460","392","23","5"
"1780","460","393","23","4"
"1781","460","389","23","5"
"1782","460","393","23","2"
"1783","460","393","23","4"
"1784","461","389","19","2"
"1785","461","389","19","1"
"1786","461","391","19","3"
"1787","462","391","25","2"
"1788","462","390","25","2"
"1789","462","391","25","1"
"1790","462","394","25","2"
"1791","462","389","25","3"
"1792","462","390","25","2"
"1793","463","394","2","3"
"1794","463","390","2","4"
"1795","463","392","2","6"
"1796","463","393","2","3"
"1797","463","391","2","1"
"1798","463","389","2","3"
"1799","464","389","69","7"
"1800","464","389","69","3"
"1801","464","393","69","9"
"1802","464","392","69","3"
"1803","464","389","69","2"
"1804","464","391","69","6"
"1805","465","394","89","3"
"1806","465","392","89","1"
"1807","465","391","89","2"
"1808","465","389","89","2"
"1809","465","393","89","4"
"1810","466","395","0","4"
"1811","467","395","52","11"
"1812","468","395","93","6"
"1813","469","395","47","3"
"1814","472","396","13","6"
"1815","472","396","13","2"
"1816","472","396","13","4"
"1817","473","398","88","4"
"1818","473","396","88","1"
"1819","473","396","88","3"
"1820","474","397","76","4"
"1821","474","396","76","7"
"1822","474","396","76","3"
"1823","475","396","35","4"
"1824","475","397","35","4"
"1825","475","396","35","4"
"1826","476","396","58","5"
"1827","476","396","58","5"
"1828","476","397","58","4"
"1829","477","396","42","1"
"1830","477","396","42","3"
"1831","477","397","42","2"
"1832","478","396","47","4"
"1833","478","396","47","1"
"1834","481","400","36","3"
"1835","481","403","36","5"
"1836","481","400","36","5"
"1837","481","402","36","4"
"1838","481","400","36","7"
"1839","482","402","0","3"
"1840","482","399","0","7"
"1841","482","403","0","5"
"1842","482","403","0","3"
"1843","482","399","0","6"
"1844","483","400","63","3"
"1845","483","402","63","7"
"1846","483","401","63","4"
"1847","483","399","63","6"
"1848","483","400","63","6"
"1849","484","400","5","7"
"1850","484","399","5","5"
"1851","484","401","5","8"
"1852","484","401","5","9"
"1853","484","399","5","5"
"1854","485","402","54","5"
"1855","485","399","54","4"
"1856","485","399","54","14"
"1857","485","402","54","9"
"1858","485","399","54","4"
"1859","486","407","15","7"
"1860","486","404","15","15"
"1861","486","406","15","11"
"1862","486","404","15","15"
"1863","486","404","15","15"
"1864","486","406","15","7"
"1865","487","407","2","10"
"1866","487","406","2","13"
"1867","487","406","2","4"
"1868","487","404","2","4"
"1869","487","407","2","13"
"1870","487","407","2","7"
"1871","488","412","22","20"
"1872","488","411","22","19"
"1873","488","413","22","28"
"1874","488","415","22","21"
"1875","488","410","22","17"
"1876","488","415","22","23"
"1877","488","410","22","28"
"1878","489","417","44","12"
"1879","490","417","34","19"
"1880","491","417","2","12"
"1881","492","417","3","1"
"1882","494","419","36","4"
"1883","494","418","36","11"
"1884","494","418","36","7"
"1885","495","418","37","15"
"1886","495","418","37","9"
"1887","495","419","37","8"
"1888","496","419","1","11"
"1889","497","419","0","12"
"1890","498","420","23","5"
"1891","498","420","23","8"
"1892","499","421","0","14"
"1893","499","421","0","15"
"1894","499","422","0","21"
"1895","500","421","0","13"
"1896","500","422","0","14"
"1897","500","422","0","13"
"1898","501","422","3","7"
"1899","501","422","3","6"
"1900","502","423","1","18"
"1901","502","423","1","11"
"1902","503","424","6","9"
"1903","503","424","6","13"
"1904","503","424","6","6"
"1905","504","425","2","12"
"1906","504","426","2","9"
"1907","504","424","2","13"
"1908","505","425","3","11"
"1909","505","424","3","8"
"1910","505","424","3","4"
"1911","506","427","5","13"
"1912","506","428","5","18"
"1913","506","427","5","15"
"1914","507","427","37","11"
"1915","507","427","37","16"
"1916","508","430","70","14"
"1917","508","433","70","9"
"1918","508","431","70","11"
"1919","508","430","70","14"
"1920","509","430","41","11"
"1921","509","430","41","4"
"1922","510","434","9","9"
"1923","510","434","9","9"
"1924","511","435","27","9"
"1925","511","434","27","12"
"1926","512","435","1","2"
"1927","512","434","1","5"
"1928","513","435","3","8"
"1929","515","435","73","7"
"1930","516","436","63","4"
"1931","516","438","63","2"
"1932","516","436","63","2"
"1933","517","438","35","4"
"1934","517","437","35","2"
"1935","517","437","35","1"
"1936","518","437","99","5"
"1937","518","438","99","5"
"1938","518","436","99","8"
"1939","519","436","34","6"
"1940","519","436","34","4"
"1941","520","436","0","6"
"1942","520","437","0","7"
"1943","521","436","14","2"
"1944","521","436","14","3"
"1945","521","437","14","6"
"1946","522","437","0","10"
"1947","522","436","0","8"
"1948","522","437","0","8"
"1949","523","440","6","16"
"1950","523","439","6","10"
"1951","524","439","1","13"
"1952","524","439","1","18"
"1953","525","439","1","6"
"1954","525","439","1","8"
"1955","526","439","40","15"
"1956","526","439","40","7"
"1957","527","440","6","10"
"1958","528","445","0","20"
"1959","528","441","0","20"
"1960","528","444","0","15"
"1961","528","446","0","18"
"1962","528","442","0","14"
"1963","528","445","0","18"
"1964","528","442","0","19"
"1965","529","448","29","7"
"1966","529","449","29","6"
"1967","529","448","29","3"
"1968","529","450","29","6"
"1969","530","449","80","7"
"1970","530","449","80","2"
"1971","530","451","80","5"
"1972","530","448","80","2"
"1973","531","448","0","5"
"1974","531","448","0","8"
"1975","531","448","0","5"
"1976","531","450","0","4"
"1977","532","448","91","2"
"1978","532","448","91","7"
"1979","532","448","91","8"
"1980","532","451","91","7"
"1981","533","448","50","1"
"1982","533","448","50","3"
"1983","533","448","50","4"
"1984","534","449","43","2"
"1985","534","448","43","4"
"1986","534","451","43","2"
"1987","535","448","30","4"
"1988","535","450","30","8"
"1989","536","453","0","8"
"1990","536","453","0","12"
"1991","536","452","0","18"
"1992","537","452","68","15"
"1993","537","453","68","25"
"1994","537","454","68","18"
"1995","538","452","2","14"
"1996","538","452","2","2"
"1997","539","456","68","3"
"1998","539","455","68","4"
"1999","539","455","68","2"
"2000","539","459","68","3"
"2001","539","460","68","2"
"2002","539","455","68","4"
"2003","539","460","68","6"
"2004","540","455","0","7"
"2005","540","457","0","2"
"2006","540","458","0","4"
"2007","540","455","0","2"
"2008","540","455","0","3"
"2009","540","459","0","4"
"2010","540","456","0","6"
"2011","541","456","83","8"
"2012","541","461","83","2"
"2013","541","456","83","2"
"2014","541","460","83","2"
"2015","541","461","83","3"
"2016","541","461","83","5"
"2017","541","461","83","8"
"2018","542","455","11","3"
"2019","542","461","11","3"
"2020","542","458","11","1"
"2021","542","455","11","3"
"2022","542","460","11","1"
"2023","542","455","11","3"
"2024","543","455","5","8"
"2025","543","456","5","5"
"2026","543","460","5","7"
"2027","543","455","5","4"
"2028","543","456","5","4"
"2029","543","456","5","1"
"2030","543","455","5","5"
"2031","544","463","1","3"
"2032","544","462","1","2"
"2033","544","466","1","3"
"2034","544","462","1","2"
"2035","544","462","1","4"
"2036","545","462","58","1"
"2037","545","462","58","2"
"2038","545","463","58","1"
"2039","545","462","58","1"
"2040","545","462","58","3"
"2041","546","466","19","4"
"2042","546","463","19","9"
"2043","546","462","19","2"
"2044","546","463","19","3"
"2045","546","462","19","4"
"2046","547","466","4","2"
"2047","547","465","4","5"
"2048","547","462","4","4"
"2049","547","463","4","1"
"2050","547","463","4","6"
"2051","548","462","21","1"
"2052","548","466","21","2"
"2053","548","462","21","2"
"2054","548","462","21","8"
"2055","548","462","21","5"
"2056","549","462","97","1"
"2057","549","466","97","1"
"2058","549","463","97","4"
"2059","549","462","97","4"
"2060","550","466","88","2"
"2061","550","462","88","1"
"2062","550","463","88","1"
"2063","551","463","49","7"
"2064","551","463","49","4"
"2065","551","463","49","6"
"2066","552","467","21","19"
"2067","553","467","13","24"
"2068","555","474","4","1"
"2069","555","473","4","3"
"2070","555","470","4","2"
"2071","555","473","4","2"
"2072","555","474","4","1"
"2073","555","472","4","2"
"2074","555","469","4","3"
"2075","556","470","18","7"
"2076","556","470","18","2"
"2077","556","472","18","2"
"2078","556","474","18","3"
"2079","556","468","18","1"
"2080","556","473","18","1"
"2081","556","474","18","2"
"2082","557","468","11","3"
"2083","557","469","11","1"
"2084","557","468","11","1"
"2085","557","468","11","3"
"2086","557","468","11","1"
"2087","557","468","11","5"
"2088","557","471","11","4"
"2089","558","469","12","1"
"2090","558","470","12","4"
"2091","558","470","12","3"
"2092","558","468","12","2"
"2093","558","468","12","2"
"2094","558","473","12","1"
"2095","558","469","12","1"
"2096","559","468","71","3"
"2097","559","469","71","3"
"2098","559","468","71","2"
"2099","559","469","71","2"
"2100","559","469","71","4"
"2101","559","468","71","1"
"2102","559","472","71","3"
"2103","560","479","11","4"
"2104","560","476","11","1"
"2105","560","476","11","4"
"2106","560","476","11","2"
"2107","560","479","11","4"
"2108","560","475","11","3"
"2109","560","475","11","6"
"2110","561","475","6","4"
"2111","561","480","6","6"
"2112","561","476","6","4"
"2113","561","477","6","5"
"2114","561","479","6","2"
"2115","561","478","6","3"
"2116","561","475","6","2"
"2117","562","478","77","2"
"2118","562","475","77","3"
"2119","562","475","77","2"
"2120","562","475","77","5"
"2121","562","475","77","9"
"2122","562","481","77","4"
"2123","562","477","77","11"
"2124","563","475","83","6"
"2125","563","479","83","6"
"2126","563","476","83","4"
"2127","563","479","83","6"
"2128","563","476","83","6"
"2129","563","475","83","7"
"2130","563","481","83","3"
"2131","564","482","13","30"
"2132","564","482","13","32"
"2133","564","484","13","25"
"2134","564","482","13","7"
"2135","565","486","52","7"
"2136","565","490","52","10"
"2137","565","489","52","6"
"2138","565","490","52","11"
"2139","565","491","52","10"
"2140","565","490","52","12"
"2141","566","491","78","8"
"2142","566","486","78","8"
"2143","566","486","78","13"
"2144","566","487","78","11"
"2145","566","486","78","11"
"2146","566","488","78","13"
"2147","567","492","4","10"
"2148","567","492","4","9"
"2149","568","492","55","8"
"2150","568","492","55","11"
"2151","569","492","25","13"
"2152","570","493","2","9"
"2153","571","493","80","10"
"2154","573","494","50","6"
"2155","573","494","50","10"
"2156","573","496","50","6"
"2157","574","495","42","11"
"2158","574","495","42","7"
"2159","574","496","42","12"
"2160","575","495","53","9"
"2161","575","495","53","6"
"2162","575","494","53","13"
"2163","576","494","18","10"
"2164","576","494","18","14"
"2165","576","494","18","4"
"2166","579","499","1","3"
"2167","579","499","1","6"
"2168","579","500","1","3"
"2169","579","497","1","2"
"2170","579","499","1","4"
"2171","580","498","7","4"
"2172","580","500","7","2"
"2173","580","497","7","7"
"2174","580","497","7","7"
"2175","580","497","7","4"
"2176","581","497","99","6"
"2177","581","497","99","6"
"2178","581","500","99","4"
"2179","581","497","99","8"
"2180","581","498","99","4"
"2181","582","497","0","5"
"2182","582","497","0","5"
"2183","582","498","0","7"
"2184","582","498","0","10"
"2185","582","500","0","9"
"2186","583","499","9","2"
"2187","583","499","9","3"
"2188","583","499","9","3"
"2189","583","500","9","2"
"2190","583","497","9","2"
"2191","584","500","29","8"
"2192","584","500","29","5"
"2193","584","498","29","3"
"2194","584","499","29","5"
"2195","584","501","29","3"
"2196","585","501","32","5"
"2197","585","499","32","5"
"2198","585","500","32","1"
"2199","585","497","32","3"
"2200","586","502","55","7"
"2201","587","502","70","6"
"2202","588","502","29","10"
"2203","589","502","3","7"
"2204","590","502","24","11"
"2205","591","502","4","4"
"2206","592","502","46","5"
"2207","593","503","0","10"
"2208","594","503","6","9"
"2209","595","503","16","10"
"2210","596","503","19","13"
"2211","597","503","24","9"
"2212","598","503","1","3"
"2213","599","506","15","10"
"2214","599","504","15","5"
"2215","599","506","15","3"
"2216","599","504","15","4"
"2217","600","504","79","4"
"2218","600","506","79","3"
"2219","600","504","79","2"
"2220","600","505","79","5"
"2221","601","506","28","7"
"2222","601","504","28","6"
"2223","601","506","28","11"
"2224","601","504","28","12"
"2225","602","506","5","3"
"2226","602","504","5","5"
"2227","602","507","5","6"
"2228","602","504","5","2"
"2229","603","505","86","2"
"2230","603","506","86","3"
"2231","603","504","86","3"
"2232","603","504","86","4"
"2233","604","504","11","3"
"2234","604","505","11","4"
"2235","604","504","11","9"
"2236","604","506","11","8"
"2237","605","504","48","7"
"2238","605","505","48","6"
"2239","605","506","48","3"
"2240","605","507","48","6"
"2241","606","508","4","16"
"2242","606","508","4","15"
"2243","607","508","0","15"
"2244","607","508","0","19"
"2245","608","509","52","13"
"2246","608","508","52","5"
"2247","611","510","37","6"
"2248","611","510","37","7"
"2249","611","512","37","7"
"2250","611","513","37","10"
"2251","611","510","37","8"
"2252","612","512","0","1"
"2253","612","512","0","7"
"2254","612","514","0","3"
"2255","612","510","0","9"
"2256","612","510","0","2"
"2257","613","510","71","6"
"2258","613","513","71","7"
"2259","613","511","71","7"
"2260","613","514","71","7"
"2261","614","514","20","3"
"2262","614","511","20","6"
"2263","614","513","20","5"
"2264","615","511","15","4"
"2265","615","514","15","1"
"2266","616","516","19","1"
"2267","616","518","19","5"
"2268","616","515","19","2"
"2269","616","516","19","2"
"2270","616","517","19","2"
"2271","617","517","15","3"
"2272","617","516","15","4"
"2273","617","516","15","6"
"2274","617","518","15","5"
"2275","617","518","15","2"
"2276","618","515","37","4"
"2277","618","518","37","3"
"2278","618","515","37","1"
"2279","618","515","37","4"
"2280","618","516","37","6"
"2281","619","517","53","2"
"2282","619","519","53","5"
"2283","619","515","53","1"
"2284","619","515","53","1"
"2285","620","516","17","8"
"2286","620","517","17","3"
"2287","620","515","17","7"
"2288","620","515","17","5"
"2289","620","518","17","9"
"2290","621","515","24","5"
"2291","621","516","24","5"
"2292","621","518","24","2"
"2293","621","519","24","3"
"2294","621","517","24","5"
"2295","622","515","0","3"
"2296","622","515","0","3"
"2297","622","517","0","6"
"2298","622","519","0","7"
"2299","622","516","0","5"
"2300","623","521","9","5"
"2301","623","520","9","8"
"2302","623","522","9","12"
"2303","623","520","9","9"
"2304","623","520","9","11"
"2305","623","520","9","9"
"2306","624","520","99","1"
"2307","624","523","99","10"
"2308","624","521","99","13"
"2309","625","526","2","4"
"2310","625","526","2","2"
"2311","625","526","2","7"
"2312","625","529","2","3"
"2313","626","526","16","1"
"2314","626","529","16","1"
"2315","626","529","16","2"
"2316","626","526","16","1"
"2317","626","527","16","3"
"2318","627","529","52","2"
"2319","627","526","52","2"
"2320","627","527","52","4"
"2321","627","526","52","2"
"2322","627","526","52","1"
"2323","627","527","52","1"
"2324","628","527","0","6"
"2325","628","530","0","3"
"2326","628","526","0","1"
"2327","628","529","0","7"
"2328","628","527","0","5"
"2329","629","526","25","2"
"2330","629","530","25","4"
"2331","629","531","25","1"
"2332","630","528","35","1"
"2333","630","526","35","2"
"2334","630","527","35","1"
"2335","630","529","35","2"
"2336","630","526","35","2"
"2337","631","530","24","1"
"2338","631","528","24","2"
"2339","631","526","24","3"
"2340","631","531","24","2"
"2341","632","528","37","2"
"2342","632","527","37","2"
"2343","632","526","37","2"
"2344","632","526","37","1"
"2345","632","526","37","2"
"2346","632","528","37","4"
"2347","633","537","16","2"
"2348","633","532","16","2"
"2349","633","532","16","3"
"2350","633","533","16","5"
"2351","633","535","16","3"
"2352","633","533","16","3"
"2353","633","538","16","4"
"2354","634","533","3","2"
"2355","634","532","3","3"
"2356","634","534","3","1"
"2357","634","535","3","1"
"2358","634","536","3","1"
"2359","635","532","15","2"
"2360","635","536","15","2"
"2361","635","533","15","3"
"2362","635","537","15","1"
"2363","635","535","15","3"
"2364","635","532","15","1"
"2365","635","533","15","2"
"2366","636","538","11","2"
"2367","636","534","11","2"
"2368","636","532","11","2"
"2369","636","538","11","1"
"2370","636","533","11","3"
"2371","637","533","54","1"
"2372","637","537","54","1"
"2373","637","533","54","3"
"2374","637","532","54","3"
"2375","637","533","54","2"
"2376","637","538","54","2"
"2377","638","533","54","3"
"2378","638","532","54","2"
"2379","638","533","54","2"
"2380","638","532","54","1"
"2381","639","536","0","1"
"2382","639","532","0","1"
"2383","639","532","0","3"
"2384","639","534","0","3"
"2385","639","537","0","2"
"2386","640","536","2","1"
"2387","640","532","2","1"
"2388","640","536","2","2"
"2389","640","532","2","1"
"2390","640","535","2","4"
"2391","640","534","2","2"
"2392","640","532","2","1"
"2393","641","533","51","1"
"2394","641","535","51","3"
"2395","641","533","51","4"
"2396","641","532","51","1"
"2397","641","536","51","4"
"2398","641","533","51","1"
"2399","642","545","25","6"
"2400","642","539","25","8"
"2401","642","539","25","3"
"2402","642","539","25","1"
"2403","642","539","25","3"
"2404","642","539","25","5"
"2405","642","539","25","1"
"2406","643","541","27","11"
"2407","643","542","27","11"
"2408","643","542","27","8"
"2409","643","544","27","3"
"2410","643","545","27","11"
"2411","643","541","27","9"
"2412","644","546","2","9"
"2413","645","546","14","10"
"2414","646","546","0","9"
"2415","647","546","38","1"
"2416","650","547","13","1"
"2417","650","548","13","1"
"2418","650","547","13","1"
"2419","650","547","13","1"
"2420","651","547","58","3"
"2421","651","547","58","4"
"2422","651","547","58","5"
"2423","651","547","58","2"
"2424","652","551","58","1"
"2425","652","548","58","3"
"2426","652","549","58","2"
"2427","652","548","58","4"
"2428","652","548","58","2"
"2429","653","549","12","1"
"2430","653","547","12","2"
"2431","653","547","12","3"
"2432","653","547","12","2"
"2433","654","551","30","1"
"2434","654","547","30","4"
"2435","654","548","30","2"
"2436","654","549","30","4"
"2437","654","548","30","5"
"2438","655","550","1","4"
"2439","655","549","1","3"
"2440","655","551","1","4"
"2441","655","547","1","1"
"2442","656","550","7","1"
"2443","657","549","0","3"
"2444","657","551","0","2"
"2445","657","551","0","2"
"2446","657","550","0","5"
"2447","658","547","46","1"
"2448","658","548","46","3"
"2449","658","547","46","1"
"2450","658","550","46","1"
"2451","659","554","30","14"
"2452","659","552","30","15"
"2453","659","553","30","23"
"2454","660","552","82","9"
"2455","660","552","82","14"
"2456","660","552","82","10"
"2457","661","555","0","4"
"2458","661","556","0","9"
"2459","661","555","0","7"
"2460","662","555","95","9"
"2461","662","556","95","7"
"2462","662","555","95","6"
"2463","663","555","7","5"
"2464","663","555","7","6"
"2465","663","555","7","3"
"2466","664","555","80","6"
"2467","664","556","80","14"
"2468","664","555","80","4"
"2469","665","560","16","24"
"2470","665","560","16","19"
"2471","665","558","16","21"
"2472","665","561","16","19"
"2473","665","558","16","10"
"2474","666","570","94","3"
"2475","666","564","94","1"
"2476","666","568","94","2"
"2477","666","564","94","4"
"2478","666","564","94","3"
"2479","666","568","94","5"
"2480","667","564","18","1"
"2481","667","565","18","2"
"2482","667","566","18","4"
"2483","667","568","18","1"
"2484","667","564","18","2"
"2485","667","566","18","2"
"2486","668","564","12","2"
"2487","668","566","12","1"
"2488","668","564","12","2"
"2489","668","568","12","1"
"2490","668","568","12","1"
"2491","668","566","12","2"
"2492","668","564","12","1"
"2493","669","564","3","2"
"2494","669","567","3","2"
"2495","669","564","3","2"
"2496","669","567","3","2"
"2497","669","565","3","4"
"2498","669","564","3","3"
"2499","669","566","3","3"
"2500","670","567","2","6"
"2501","670","566","2","5"
"2502","670","566","2","3"
"2503","670","564","2","2"
"2504","670","564","2","4"
"2505","670","567","2","6"
"2506","670","564","2","4"
"2507","671","564","56","4"
"2508","671","570","56","3"
"2509","671","564","56","1"
"2510","671","568","56","2"
"2511","671","569","56","4"
"2512","671","569","56","4"
"2513","672","571","68","10"
"2514","672","574","68","12"
"2515","672","571","68","18"
"2516","672","571","68","11"
"2517","672","575","68","12"
"2518","672","571","68","1"
"2519","673","578","2","5"
"2520","673","579","2","5"
"2521","673","578","2","4"
"2522","673","579","2","8"
"2523","674","578","98","7"
"2524","674","580","98","3"
"2525","674","579","98","4"
"2526","674","578","98","6"
"2527","675","578","10","5"
"2528","675","578","10","3"
"2529","675","579","10","2"
"2530","675","581","10","2"
"2531","676","578","92","1"
"2532","676","579","92","6"
"2533","677","579","58","8"
"2534","678","579","71","3"
"2535","678","580","71","5"
"2536","679","582","0","1"
"2537","679","582","0","2"
"2538","679","583","0","2"
"2539","679","582","0","7"
"2540","679","587","0","2"
"2541","679","584","0","4"
"2542","680","587","53","1"
"2543","680","582","53","2"
"2544","680","582","53","4"
"2545","680","582","53","3"
"2546","681","582","11","1"
"2547","681","582","11","1"
"2548","681","586","11","3"
"2549","681","587","11","1"
"2550","681","585","11","3"
"2551","681","582","11","3"
"2552","682","582","63","3"
"2553","682","582","63","1"
"2554","682","585","63","4"
"2555","682","582","63","5"
"2556","682","586","63","3"
"2557","682","582","63","2"
"2558","683","582","19","2"
"2559","683","587","19","1"
"2560","683","583","19","1"
"2561","683","582","19","6"
"2562","683","583","19","5"
"2563","684","584","4","3"
"2564","684","583","4","5"
"2565","684","584","4","2"
"2566","685","590","0","5"
"2567","685","589","0","1"
"2568","685","588","0","6"
"2569","686","588","47","4"
"2570","686","588","47","2"
"2571","686","588","47","4"
"2572","687","588","30","5"
"2573","687","590","30","4"
"2574","687","588","30","3"
"2575","688","589","54","8"
"2576","688","590","54","5"
"2577","688","588","54","5"
"2578","689","588","2","5"
"2579","689","589","2","2"
"2580","689","588","2","3"
"2581","690","589","74","2"
"2582","691","589","9","6"
"2583","691","589","9","7"
"2584","692","591","2","5"
"2585","693","591","0","5"
"2586","694","591","27","11"
"2587","695","591","46","10"
"2588","696","591","24","3"
"2589","697","592","8","45"
"2590","697","593","8","41"
"2591","698","594","10","1"
"2592","698","599","10","1"
"2593","698","594","10","4"
"2594","698","594","10","3"
"2595","698","594","10","2"
"2596","698","594","10","3"
"2597","699","594","24","6"
"2598","699","594","24","5"
"2599","699","598","24","3"
"2600","699","594","24","4"
"2601","699","599","24","4"
"2602","700","595","14","2"
"2603","700","594","14","4"
"2604","700","594","14","3"
"2605","700","596","14","1"
"2606","700","594","14","6"
"2607","700","598","14","2"
"2608","701","594","14","3"
"2609","701","595","14","6"
"2610","701","594","14","5"
"2611","701","594","14","4"
"2612","701","597","14","4"
"2613","702","598","9","2"
"2614","702","594","9","1"
"2615","702","594","9","2"
"2616","702","598","9","4"
"2617","702","594","9","3"
"2618","702","594","9","2"
"2619","703","594","5","5"
"2620","703","598","5","3"
"2621","703","594","5","7"
"2622","703","599","5","1"
"2623","703","599","5","3"
"2624","703","599","5","1"
"2625","704","595","51","4"
"2626","704","594","51","1"
"2627","704","597","51","6"
"2628","704","596","51","3"
"2629","705","601","60","2"
"2630","705","602","60","3"
"2631","705","601","60","4"
"2632","705","600","60","5"
"2633","705","603","60","4"
"2634","705","601","60","2"
"2635","706","602","83","2"
"2636","706","604","83","4"
"2637","706","600","83","2"
"2638","706","603","83","2"
"2639","706","600","83","2"
"2640","706","600","83","2"
"2641","706","600","83","4"
"2642","707","600","31","3"
"2643","707","600","31","6"
"2644","707","604","31","5"
"2645","707","604","31","2"
"2646","707","602","31","2"
"2647","707","603","31","3"
"2648","707","601","31","3"
"2649","708","604","28","4"
"2650","708","603","28","3"
"2651","708","600","28","4"
"2652","708","605","28","5"
"2653","708","600","28","3"
"2654","708","602","28","1"
"2655","708","600","28","4"
"2656","709","600","73","2"
"2657","709","602","73","1"
"2658","709","600","73","1"
"2659","709","603","73","2"
"2660","709","604","73","7"
"2661","709","600","73","10"
"2662","709","600","73","3"
"2663","710","601","3","2"
"2664","710","603","3","2"
"2665","710","600","3","3"
"2666","710","601","3","2"
"2667","710","601","3","1"
"2668","710","602","3","2"
"2669","711","602","44","2"
"2670","711","603","44","4"
"2671","711","603","44","2"
"2672","711","600","44","2"
"2673","711","603","44","3"
"2674","711","602","44","3"
"2675","711","605","44","2"
"2676","712","610","9","4"
"2677","712","607","9","4"
"2678","712","610","9","3"
"2679","712","607","9","5"
"2680","713","609","81","4"
"2681","713","607","81","4"
"2682","713","607","81","2"
"2683","713","610","81","8"
"2684","714","607","1","6"
"2685","714","610","1","9"
"2686","714","610","1","7"
"2687","714","607","1","2"
"2688","715","608","59","2"
"2689","715","610","59","5"
"2690","715","609","59","2"
"2691","715","607","59","3"
"2692","716","608","15","3"
"2693","716","607","15","2"
"2694","716","607","15","2"
"2695","716","609","15","5"
"2696","717","607","10","4"
"2697","717","610","10","4"
"2698","717","607","10","2"
"2699","718","608","28","7"
"2700","718","607","28","1"
"2701","718","608","28","4"
"2702","718","610","28","1"
"2703","719","611","27","27"
"2704","719","612","27","28"
"2705","719","611","27","22"
"2706","719","612","27","33"
"2707","720","615","86","60"
"2708","720","616","86","56"
"2709","721","617","95","5"
"2710","722","617","4","6"
"2711","723","617","0","11"
"2712","724","617","4","2"
"2713","725","617","4","9"
"2714","726","617","14","2"
"2715","730","618","58","6"
"2716","730","618","58","4"
"2717","730","619","58","1"
"2718","731","618","85","4"
"2719","731","618","85","8"
"2720","731","618","85","6"
"2721","732","618","73","5"
"2722","732","620","73","3"
"2723","732","618","73","8"
"2724","733","618","16","3"
"2725","734","619","53","5"
"2726","735","619","78","5"
"2727","735","619","78","8"
"2728","735","620","78","7"
"2729","736","621","4","39"
"2730","737","624","16","7"
"2731","737","622","16","7"
"2732","737","622","16","6"
"2733","737","622","16","4"
"2734","738","622","31","4"
"2735","738","623","31","4"
"2736","738","622","31","4"
"2737","738","623","31","6"
"2738","739","623","39","4"
"2739","739","624","39","5"
"2740","739","623","39","7"
"2741","739","622","39","8"
"2742","740","622","17","4"
"2743","740","622","17","5"
"2744","740","624","17","6"
"2745","740","622","17","3"
"2746","741","623","28","7"
"2747","741","624","28","13"
"2748","741","624","28","3"
"2749","741","622","28","13"
"2750","742","628","17","9"
"2751","742","626","17","6"
"2752","742","628","17","14"
"2753","742","629","17","11"
"2754","742","626","17","8"
"2755","743","629","44","10"
"2756","743","626","44","11"
"2757","743","626","44","10"
"2758","743","627","44","10"
"2759","744","627","2","3"
"2760","744","628","2","6"
"2761","744","630","2","7"
"2762","745","635","2","9"
"2763","745","632","2","6"
"2764","745","631","2","8"
"2765","745","632","2","2"
"2766","745","635","2","11"
"2767","746","633","31","5"
"2768","746","631","31","6"
"2769","746","631","31","4"
"2770","746","635","31","7"
"2771","746","633","31","4"
"2772","747","631","14","3"
"2773","747","631","14","9"
"2774","747","633","14","9"
"2775","747","634","14","5"
"2776","747","635","14","6"
"2777","748","638","53","2"
"2778","748","639","53","3"
"2779","748","638","53","3"
"2780","748","640","53","1"
"2781","748","636","53","7"
"2782","748","639","53","2"
"2783","749","640","14","5"
"2784","749","636","14","3"
"2785","749","636","14","3"
"2786","749","636","14","6"
"2787","749","636","14","5"
"2788","749","636","14","4"
"2789","750","636","0","2"
"2790","750","636","0","2"
"2791","750","636","0","2"
"2792","750","636","0","6"
"2793","750","637","0","2"
"2794","750","636","0","2"
"2795","751","641","11","4"
"2796","751","636","11","3"
"2797","751","641","11","3"
"2798","751","638","11","5"
"2799","752","646","57","9"
"2800","752","643","57","5"
"2801","752","643","57","2"
"2802","752","642","57","3"
"2803","752","642","57","7"
"2804","753","643","20","1"
"2805","753","642","20","2"
"2806","753","645","20","3"
"2807","753","646","20","3"
"2808","753","645","20","5"
"2809","754","642","26","1"
"2810","754","643","26","1"
"2811","754","645","26","1"
"2812","754","642","26","3"
"2813","755","642","0","4"
"2814","755","644","0","4"
"2815","755","643","0","2"
"2816","755","642","0","1"
"2817","756","646","59","3"
"2818","756","644","59","5"
"2819","756","643","59","3"
"2820","757","648","42","11"
"2821","757","650","42","15"
"2822","757","650","42","11"
"2823","757","649","42","11"
"2824","757","651","42","22"
"2825","757","647","42","16"
"2826","757","649","42","8"
"2827","758","654","3","15"
"2828","758","656","3","12"
"2829","758","655","3","12"
"2830","758","654","3","12"
"2831","758","654","3","10"
"2832","758","654","3","7"
"2833","759","657","45","14"
"2834","759","654","45","4"
"2835","759","654","45","9"
"2836","759","657","45","8"
"2837","759","654","45","4"
"2838","759","658","45","10"
"2839","760","661","0","18"
"2840","760","660","0","10"
"2841","760","660","0","12"
"2842","760","662","0","14"
"2843","761","661","37","9"
"2844","761","661","37","7"
"2845","761","660","37","10"
"2846","761","660","37","12"
"2847","762","660","14","6"
"2848","762","663","14","8"
"2849","762","660","14","7"
"2850","762","660","14","6"
"2851","763","664","62","31"
"2852","764","664","25","26"
"2853","765","665","6","32"
"2854","765","665","6","25"
"2855","766","666","98","25"
"2856","767","667","33","8"
"2857","767","669","33","9"
"2858","767","667","33","7"
"2859","768","667","94","7"
"2860","768","667","94","9"
"2861","768","669","94","4"
"2862","769","668","10","3"
"2863","769","669","10","7"
"2864","769","667","10","10"
"2865","770","667","1","12"
"2866","770","668","1","4"
"2867","770","667","1","5"
"2868","771","668","1","6"
"2869","771","667","1","5"
"2870","771","667","1","3"
"2871","772","668","0","5"
"2872","772","668","0","9"
"2873","773","671","64","5"
"2874","773","674","64","3"
"2875","773","671","64","3"
"2876","773","671","64","3"
"2877","773","671","64","8"
"2878","774","672","60","3"
"2879","774","670","60","6"
"2880","774","670","60","4"
"2881","774","670","60","6"
"2882","774","671","60","3"
"2883","775","670","10","5"
"2884","775","672","10","7"
"2885","775","674","10","4"
"2886","775","670","10","7"
"2887","775","674","10","7"
"2888","776","671","51","1"
"2889","776","673","51","3"
"2890","776","670","51","5"
"2891","776","670","51","2"
"2892","776","674","51","9"
"2893","777","673","1","9"
"2894","777","672","1","3"
"2895","777","670","1","5"
"2896","777","671","1","9"
"2897","778","672","20","6"
"2898","778","670","20","4"
"2899","778","670","20","1"
"2900","778","672","20","3"
"2901","778","671","20","3"
"2902","779","676","39","5"
"2903","779","679","39","3"
"2904","779","675","39","2"
"2905","779","675","39","6"
"2906","779","678","39","10"
"2907","780","679","4","6"
"2908","780","676","4","1"
"2909","780","678","4","2"
"2910","780","675","4","4"
"2911","780","676","4","5"
"2912","781","678","0","3"
"2913","781","676","0","1"
"2914","781","675","0","2"
"2915","781","678","0","3"
"2916","781","675","0","1"
"2917","782","678","0","2"
"2918","782","675","0","4"
"2919","782","676","0","2"
"2920","782","679","0","6"
"2921","782","678","0","2"
"2922","783","676","30","4"
"2923","783","675","30","6"
"2924","783","677","30","8"
"2925","783","675","30","3"
"2926","783","675","30","1"
"2927","784","679","44","1"
"2928","784","675","44","4"
"2929","784","675","44","4"
"2930","784","675","44","3"
"2931","785","676","72","5"
"2932","785","675","72","4"
"2933","785","678","72","5"
"2934","785","679","72","6"
"2935","785","675","72","8"
"2936","786","675","1","2"
"2937","786","675","1","3"
"2938","786","676","1","1"
"2939","786","675","1","3"
"2940","786","676","1","3"
"2941","787","680","16","4"
"2942","787","680","16","5"
"2943","787","684","16","6"
"2944","787","683","16","2"
"2945","787","683","16","3"
"2946","788","682","18","4"
"2947","788","682","18","3"
"2948","788","680","18","1"
"2949","788","684","18","2"
"2950","788","683","18","2"
"2951","789","680","0","3"
"2952","789","680","0","2"
"2953","789","683","0","5"
"2954","789","680","0","2"
"2955","789","681","0","2"
"2956","790","681","60","2"
"2957","790","680","60","5"
"2958","790","683","60","3"
"2959","790","680","60","5"
"2960","790","684","60","3"
"2961","791","681","0","6"
"2962","791","680","0","5"
"2963","791","680","0","7"
"2964","791","682","0","1"
"2965","791","680","0","3"
"2966","792","680","15","6"
"2967","792","681","15","3"
"2968","792","681","15","3"
"2969","792","680","15","3"
"2970","792","680","15","7"
"2971","793","680","0","3"
"2972","793","680","0","3"
"2973","793","681","0","3"
"2974","793","681","0","1"
"2975","793","683","0","2"
"2976","794","687","67","14"
"2977","794","685","67","18"
"2978","794","686","67","15"
"2979","794","687","67","9"
"2980","795","685","0","12"
"2981","795","687","0","15"
"2982","795","688","0","18"
"2983","795","687","0","21"
"2984","796","689","17","4"
"2985","796","692","17","6"
"2986","796","689","17","9"
"2987","796","689","17","3"
"2988","796","691","17","9"
"2989","796","690","17","9"
"2990","797","689","4","4"
"2991","797","693","4","3"
"2992","797","690","4","1"
"2993","797","689","4","3"
"2994","797","689","4","3"
"2995","797","689","4","6"
"2996","798","691","0","7"
"2997","798","689","0","2"
"2998","798","690","0","3"
"2999","798","691","0","3"
"3000","798","691","0","2"
"3001","798","689","0","3"
"3002","799","690","40","3"
"3003","799","689","40","2"
"3004","799","694","40","4"
"3005","799","693","40","2"
"3006","799","693","40","4"
"3007","799","689","40","3"
"3008","800","690","2","1"
"3009","800","691","2","1"
"3010","800","690","2","2"
"3011","800","691","2","3"
"3012","800","689","2","3"
"3013","801","691","75","3"
"3014","801","690","75","4"
"3015","801","689","75","2"
"3016","801","689","75","4"
"3017","801","694","75","8"
"3018","801","694","75","7"
"3019","802","697","27","10"
"3020","802","695","27","7"
"3021","802","695","27","13"
"3022","803","697","86","14"
"3023","803","695","86","15"
"3024","803","696","86","13"
"3025","804","695","15","14"
"3026","804","695","15","14"
"3027","804","697","15","12"
"3028","805","695","26","8"
"3029","805","695","26","6"
"3030","805","695","26","4"
"3031","806","700","57","9"
"3032","806","703","57","5"
"3033","806","698","57","10"
"3034","806","698","57","8"
"3035","806","702","57","8"
"3036","806","702","57","14"
"3037","806","698","57","16"
"3038","807","704","90","13"
"3039","807","701","90","11"
"3040","807","698","90","11"
"3041","807","699","90","20"
"3042","807","698","90","9"
"3043","807","703","90","14"
"3044","807","698","90","6"
"3045","808","705","3","9"
"3046","808","706","3","2"
"3047","808","705","3","4"
"3048","808","705","3","5"
"3049","808","705","3","6"
"3050","809","709","44","3"
"3051","809","708","44","8"
"3052","809","705","44","12"
"3053","809","709","44","6"
"3054","809","705","44","5"
"3055","810","705","19","1"
"3056","810","708","19","5"
"3057","810","706","19","10"
"3058","810","708","19","9"
"3059","811","707","34","11"
"3060","812","710","37","6"
"3061","812","710","37","5"
"3062","812","710","37","1"
"3063","812","711","37","5"
"3064","812","712","37","4"
"3065","812","710","37","3"
"3066","813","712","1","3"
"3067","813","710","1","6"
"3068","813","710","1","5"
"3069","813","712","1","5"
"3070","813","710","1","5"
"3071","813","710","1","8"
"3072","814","710","21","5"
"3073","814","711","21","1"
"3074","814","715","21","8"
"3075","814","714","21","6"
"3076","815","712","14","7"
"3077","815","711","14","3"
"3078","815","713","14","8"
"3079","815","714","14","2"
"3080","816","715","2","4"
"3081","816","711","2","8"
"3082","816","711","2","7"
"3083","816","714","2","10"
"3084","817","716","55","6"
"3085","817","717","55","7"
"3086","817","717","55","5"
"3087","818","717","2","5"
"3088","818","716","2","9"
"3089","818","716","2","8"
"3090","819","717","72","7"
"3091","819","718","72","5"
"3092","819","716","72","8"
"3093","820","716","5","7"
"3094","820","717","5","6"
"3095","822","718","6","8"
"3096","823","719","65","14"
"3097","824","719","20","6"
"3098","825","719","84","11"
"3099","826","719","26","2"
"3100","830","720","13","9"
"3101","830","721","13","8"
"3102","831","720","0","9"
"3103","831","720","0","8"
"3104","832","720","28","10"
"3105","832","721","28","10"
"3106","833","720","5","11"
"3107","833","720","5","9"
"3108","834","721","63","4"
"3109","834","720","63","1"
"3110","835","721","5","17"
"3111","836","722","16","3"
"3112","836","722","16","4"
"3113","836","726","16","3"
"3114","836","727","16","4"
"3115","836","722","16","1"
"3116","836","724","16","3"
"3117","836","722","16","4"
"3118","837","728","97","5"
"3119","837","723","97","2"
"3120","837","724","97","3"
"3121","837","728","97","2"
"3122","837","722","97","2"
"3123","838","723","85","1"
"3124","838","722","85","4"
"3125","838","724","85","2"
"3126","838","726","85","1"
"3127","839","724","18","2"
"3128","839","722","18","1"
"3129","839","727","18","6"
"3130","839","726","18","1"
"3131","839","723","18","3"
"3132","839","722","18","3"
"3133","840","725","77","4"
"3134","840","724","77","6"
"3135","840","726","77","1"
"3136","840","726","77","2"
"3137","840","723","77","2"
"3138","840","723","77","2"
"3139","840","724","77","3"
"3140","841","723","0","5"
"3141","841","722","0","3"
"3142","841","725","0","3"
"3143","841","723","0","1"
"3144","841","724","0","2"
"3145","841","722","0","4"
"3146","841","723","0","4"
"3147","842","722","0","4"
"3148","842","723","0","1"
"3149","842","725","0","1"
"3150","842","724","0","3"
"3151","842","723","0","3"
"3152","842","722","0","1"
"3153","842","726","0","1"
"3154","843","725","25","1"
"3155","843","725","25","2"
"3156","843","722","25","2"
"3157","843","722","25","1"
"3158","843","722","25","2"
"3159","843","723","25","2"
"3160","843","726","25","2"
"3161","844","724","17","2"
"3162","844","727","17","3"
"3163","844","725","17","5"
"3164","844","726","17","2"
"3165","844","722","17","1"
"3166","844","722","17","3"
"3167","845","729","0","4"
"3168","845","729","0","4"
"3169","845","729","0","6"
"3170","845","729","0","6"
"3171","846","729","96","3"
"3172","846","731","96","3"
"3173","846","729","96","1"
"3174","846","729","96","5"
"3175","846","729","96","6"
"3176","847","729","22","5"
"3177","847","729","22","2"
"3178","847","731","22","3"
"3179","847","731","22","2"
"3180","848","730","42","3"
"3181","848","733","42","4"
"3182","849","730","24","7"
"3183","849","731","24","3"
"3184","849","732","24","3"
"3185","850","735","93","1"
"3186","850","734","93","3"
"3187","850","738","93","1"
"3188","850","736","93","6"
"3189","850","736","93","4"
"3190","850","737","93","4"
"3191","850","734","93","1"
"3192","851","734","0","2"
"3193","851","735","0","4"
"3194","851","735","0","2"
"3195","851","734","0","1"
"3196","851","736","0","2"
"3197","851","734","0","4"
"3198","851","737","0","1"
"3199","852","734","44","4"
"3200","852","736","44","5"
"3201","852","737","44","3"
"3202","852","738","44","4"
"3203","852","740","44","2"
"3204","852","734","44","1"
"3205","852","736","44","3"
"3206","853","740","1","4"
"3207","853","740","1","3"
"3208","853","735","1","4"
"3209","853","734","1","7"
"3210","853","736","1","2"
"3211","853","739","1","2"
"3212","853","734","1","4"
"3213","854","737","32","5"
"3214","854","734","32","3"
"3215","854","737","32","2"
"3216","854","738","32","3"
"3217","854","734","32","1"
"3218","854","737","32","1"
"3219","855","743","88","4"
"3220","855","742","88","1"
"3221","855","741","88","7"
"3222","855","742","88","4"
"3223","855","742","88","3"
"3224","855","743","88","5"
"3225","856","741","28","2"
"3226","856","741","28","4"
"3227","856","742","28","3"
"3228","856","745","28","4"
"3229","856","743","28","5"
"3230","856","742","28","6"
"3231","857","742","13","3"
"3232","857","741","13","5"
"3233","857","746","13","5"
"3234","857","741","13","2"
"3235","857","741","13","1"
"3236","857","741","13","6"
"3237","858","743","2","3"
"3238","858","745","2","5"
"3239","858","741","2","2"
"3240","858","742","2","2"
"3241","858","741","2","9"
"3242","858","741","2","3"
"3243","859","750","0","1"
"3244","859","749","0","2"
"3245","859","751","0","4"
"3246","859","748","0","5"
"3247","859","747","0","6"
"3248","860","748","77","5"
"3249","860","748","77","4"
"3250","860","747","77","2"
"3251","860","751","77","9"
"3252","860","749","77","6"
"3253","861","747","50","1"
"3254","861","748","50","2"
"3255","861","747","50","5"
"3256","861","747","50","4"
"3257","862","749","1","3"
"3258","862","748","1","5"
"3259","862","747","1","6"
"3260","862","751","1","3"
"3261","862","747","1","5"
"3262","863","747","99","6"
"3263","863","747","99","4"
"3264","863","748","99","2"
"3265","864","752","43","23"
"3266","864","752","43","22"
"3267","864","752","43","13"
"3268","864","755","43","20"
"3269","864","753","43","14"
"3270","865","757","64","9"
"3271","865","757","64","10"
"3272","865","758","64","6"
"3273","865","757","64","4"
"3274","865","761","64","3"
"3275","866","761","43","12"
"3276","866","757","43","14"
"3277","866","757","43","1"
"3278","866","759","43","8"
"3279","867","759","15","10"
"3280","867","758","15","7"
"3281","867","760","15","4"
"3282","867","761","15","5"
"3283","867","759","15","6"
"3284","868","764","5","17"
"3285","868","762","5","24"
"3286","868","766","5","19"
"3287","868","762","5","12"
"3288","868","763","5","16"
"3289","869","768","74","64"
"3290","870","769","44","17"
"3291","870","770","44","16"
"3292","870","771","44","20"
"3293","870","770","44","14"
"3294","870","769","44","17"
"3295","870","769","44","14"
"3296","870","775","44","22"
"3297","871","779","93","9"
"3298","871","776","93","6"
"3299","871","779","93","6"
"3300","871","777","93","8"
"3301","871","779","93","7"
"3302","872","779","70","3"
"3303","872","779","70","5"
"3304","872","776","70","6"
"3305","872","779","70","4"
"3306","872","777","70","2"
"3307","873","778","80","4"
"3308","873","776","80","3"
"3309","873","778","80","6"
"3310","873","779","80","4"
"3311","873","777","80","7"
"3312","874","777","18","10"
"3313","874","779","18","5"
"3314","874","777","18","2"
"3315","874","776","18","2"
"3316","874","780","18","9"
"3317","875","776","94","3"
"3318","875","776","94","5"
"3319","875","780","94","7"
"3320","875","777","94","3"
"3321","875","776","94","6"
"3322","876","781","55","2"
"3323","876","785","55","4"
"3324","876","781","55","3"
"3325","876","781","55","2"
"3326","876","781","55","3"
"3327","876","784","55","2"
"3328","877","781","5","1"
"3329","877","782","5","1"
"3330","877","783","5","1"
"3331","877","781","5","3"
"3332","877","785","5","2"
"3333","878","781","37","4"
"3334","878","781","37","5"
"3335","878","786","37","3"
"3336","878","781","37","1"
"3337","878","782","37","3"
"3338","878","781","37","6"
"3339","879","781","52","4"
"3340","879","784","52","6"
"3341","879","781","52","4"
"3342","879","786","52","2"
"3343","879","783","52","3"
"3344","879","785","52","1"
"3345","880","781","19","2"
"3346","880","786","19","4"
"3347","880","783","19","7"
"3348","880","782","19","7"
"3349","880","781","19","5"
"3350","880","782","19","7"
"3351","881","783","54","4"
"3352","881","783","54","5"
"3353","881","782","54","3"
"3354","881","782","54","2"
"3355","881","781","54","9"
"3356","881","783","54","5"
"3357","882","783","0","6"
"3358","882","781","0","3"
"3359","882","781","0","3"
"3360","882","783","0","5"
"3361","882","781","0","1"
"3362","882","783","0","8"
"3363","883","787","76","20"
"3364","884","787","23","17"
"3365","885","787","90","18"
"3366","887","791","8","8"
"3367","887","788","8","2"
"3368","887","789","8","4"
"3369","887","788","8","2"
"3370","887","790","8","9"
"3371","887","789","8","2"
"3372","887","790","8","7"
"3373","888","788","0","6"
"3374","888","789","0","12"
"3375","888","788","0","2"
"3376","888","788","0","8"
"3377","888","794","0","4"
"3378","888","789","0","7"
"3379","888","792","0","5"
"3380","889","791","89","5"
"3381","889","794","89","6"
"3382","889","788","89","2"
"3383","889","788","89","2"
"3384","889","791","89","2"
"3385","889","789","89","4"
"3386","889","793","89","5"
"3387","890","791","1","10"
"3388","890","788","1","7"
"3389","890","788","1","4"
"3390","890","790","1","5"
"3391","890","788","1","3"
"3392","890","788","1","5"
"3393","890","793","1","6"
"3394","891","797","11","10"
"3395","891","795","11","4"
"3396","891","797","11","10"
"3397","892","795","0","5"
"3398","892","795","0","6"
"3399","892","796","0","9"
"3400","893","795","2","4"
"3401","893","795","2","7"
"3402","893","796","2","3"
"3403","894","795","12","5"
"3404","894","795","12","6"
"3405","894","797","12","7"
"3406","895","796","82","7"
"3407","895","795","82","4"
"3408","896","796","61","8"
"3409","897","796","8","11"
"3410","897","797","8","9"
"3411","898","804","52","5"
"3412","898","798","52","2"
"3413","898","801","52","4"
"3414","898","798","52","4"
"3415","898","800","52","6"
"3416","898","798","52","3"
"3417","898","798","52","2"
"3418","899","802","10","4"
"3419","899","801","10","6"
"3420","899","798","10","1"
"3421","899","802","10","6"
"3422","899","798","10","1"
"3423","899","802","10","2"
"3424","899","798","10","6"
"3425","900","798","0","5"
"3426","900","798","0","6"
"3427","900","800","0","1"
"3428","900","798","0","3"
"3429","900","800","0","4"
"3430","900","798","0","4"
"3431","900","800","0","5"
"3432","901","804","11","3"
"3433","901","798","11","5"
"3434","901","801","11","1"
"3435","901","799","11","3"
"3436","901","799","11","5"
"3437","901","798","11","2"
"3438","901","798","11","1"
"3439","902","798","50","2"
"3440","902","798","50","6"
"3441","902","799","50","7"
"3442","902","803","50","4"
"3443","902","798","50","4"
"3444","902","798","50","4"
"3445","902","798","50","1"
"3446","903","800","4","6"
"3447","903","801","4","2"
"3448","903","799","4","3"
"3449","903","798","4","3"
"3450","903","800","4","5"
"3451","903","801","4","2"
"3452","903","798","4","1"
"3453","904","806","99","7"
"3454","904","808","99","9"
"3455","904","806","99","3"
"3456","904","805","99","5"
"3457","905","806","55","9"
"3458","905","805","55","16"
"3459","905","805","55","10"
"3460","905","806","55","9"
"3461","906","805","3","10"
"3462","906","806","3","7"
"3463","906","805","3","8"
"3464","906","805","3","5"
"3465","907","805","2","7"
"3466","907","805","2","5"
"3467","907","805","2","9"
"3468","907","808","2","13"
"3469","908","811","77","7"
"3470","908","809","77","12"
"3471","908","809","77","4"
"3472","908","809","77","9"
"3473","909","809","52","4"
"3474","909","812","52","7"
"3475","909","811","52","6"
"3476","909","812","52","5"
"3477","910","810","41","9"
"3478","910","809","41","6"
"3479","910","811","41","12"
"3480","910","810","41","7"
"3481","911","810","38","10"
"3482","911","811","38","6"
"3483","911","809","38","10"
"3484","911","809","38","4"
"3485","912","810","49","6"
"3486","912","809","49","3"
"3487","912","809","49","2"
"3488","912","809","49","5"
"3489","913","815","52","52"
"3490","913","814","52","33"
"3491","913","813","52","41"
"3492","914","818","68","17"
"3493","914","816","68","26"
"3494","914","822","68","21"
"3495","914","816","68","10"
"3496","914","822","68","23"
"3497","914","821","68","21"
"3498","915","823","60","9"
"3499","915","824","60","16"
"3500","915","825","60","14"
"3501","915","825","60","11"
"3502","916","824","71","12"
"3503","916","824","71","9"
"3504","916","824","71","10"
"3505","916","825","71","11"
"3506","917","823","11","11"
"3507","917","823","11","11"
"3508","917","824","11","4"
"3509","917","825","11","10"
"3510","918","827","26","5"
"3511","918","827","26","2"
"3512","918","828","26","7"
"3513","919","827","58","5"
"3514","919","829","58","5"
"3515","919","828","58","4"
"3516","920","827","67","6"
"3517","920","828","67","5"
"3518","920","827","67","3"
"3519","921","827","87","11"
"3520","921","827","87","5"
"3521","923","830","0","5"
"3522","923","835","0","5"
"3523","923","830","0","8"
"3524","923","835","0","4"
"3525","923","830","0","6"
"3526","923","830","0","12"
"3527","924","835","52","6"
"3528","924","832","52","3"
"3529","924","833","52","9"
"3530","924","832","52","2"
"3531","925","830","3","7"
"3532","925","830","3","5"
"3533","925","831","3","2"
"3534","925","831","3","3"
"3535","925","831","3","7"
"3536","926","832","13","6"
"3537","926","832","13","3"
"3538","926","831","13","3"
"3539","927","838","99","4"
"3540","927","838","99","7"
"3541","927","836","99","12"
"3542","928","836","60","5"
"3543","928","836","60","4"
"3544","928","837","60","3"
"3545","929","838","7","7"
"3546","929","837","7","6"
"3547","929","836","7","7"
"3548","930","836","35","3"
"3549","930","837","35","8"
"3550","932","838","86","8"
"3551","932","838","86","4"
"3552","932","837","86","3"
"3553","933","839","21","6"
"3554","933","839","21","2"
"3555","933","839","21","3"
"3556","933","839","21","5"
"3557","934","842","17","5"
"3558","934","839","17","7"
"3559","934","840","17","6"
"3560","934","840","17","8"
"3561","935","839","69","5"
"3562","935","839","69","4"
"3563","935","839","69","6"
"3564","935","841","69","3"
"3565","936","839","23","4"
"3566","936","840","23","7"
"3567","936","841","23","5"
"3568","936","840","23","6"
"3569","937","839","30","6"
"3570","938","848","0","6"
"3571","938","844","0","4"
"3572","938","843","0","4"
"3573","938","847","0","7"
"3574","938","844","0","7"
"3575","938","844","0","6"
"3576","939","844","0","11"
"3577","939","843","0","9"
"3578","939","843","0","8"
"3579","939","844","0","8"
"3580","939","843","0","2"
"3581","939","843","0","6"
"3582","940","843","11","8"
"3583","940","843","11","5"
"3584","940","847","11","9"
"3585","940","845","11","6"
"3586","940","845","11","6"
"3587","940","843","11","10"