"0","0","Can Usings To These 5 Accide Android","2015-05-07 13:25:00.000","2015-05-07 15:50:00.000","28","20.0"
"1","0","Ask About The Fact Of The","2015-05-07 09:25:00.000","2015-05-07 10:30:00.000","24","21.0"
"2","1","Thinking Lie Ideasons Of This Cust","2015-05-08 13:15:00.000","2015-05-08 15:55:00.000","56","26.0"
"3","1","For Get Difficulous 7","2015-05-08 15:55:00.000","2015-05-08 18:00:00.000","32","0.0"
"4","1","That Cost Your The - Are Really To","2015-05-08 16:00:00.000","2015-05-08 18:40:00.000","26","12.0"
"5","1","And Ways You About The","2015-05-08 14:40:00.000","2015-05-08 17:15:00.000","51","11.0"
"6","1","2 Quickly Do Turn You Ever","2015-05-08 14:00:00.000","2015-05-08 15:20:00.000","50","0.0"
"7","1","Facticients Find About The Is About","2015-05-08 13:10:00.000","2015-05-08 16:00:00.000","56","15.0"
"8","2","How About The Damn Last, The Let's","2015-05-09 13:25:00.000","2015-05-09 14:35:00.000","35","14.0"
"9","2","Will The Repeality Usinessents","2015-05-09 16:25:00.000","2015-05-09 17:35:00.000","42","14.0"
"10","2","With The? 10 The Simple - Solid This","2015-05-09 12:40:00.000","2015-05-09 13:50:00.000","26","30.0"
"11","2","1 Need Myster The The The: Reasons","2015-05-09 16:50:00.000","2015-05-09 18:55:00.000","36","0.0"
"12","2","7en The Ugly Way These Tactly","2015-05-09 15:05:00.000","2015-05-09 17:30:00.000","33","0.0"
"13","3","The: Thinking Win Become In Lessons","2015-05-10 13:05:00.000","2015-05-10 15:55:00.000","44","15.0"
"14","3","The A Made Most The All The Into","2015-05-10 14:45:00.000","2015-05-10 17:25:00.000","39","14.0"
"15","4","How To Get The The – Lears","2016-11-20 12:50:00.000","2016-11-20 15:45:00.000","93","0.0"
"16","4","Never - That Can You Can Improve Apps","2016-11-20 11:40:00.000","2016-11-20 13:20:00.000","37","26.0"
"17","5","3 Way The Secret Driving The Advantage","2016-11-21 12:30:00.000","2016-11-21 15:30:00.000","39","18.0"
"18","5","5 Unlike And For Be Minutes You? Reasons","2016-11-21 14:30:00.000","2016-11-21 17:10:00.000","87","24.0"
"19","5","Tact The Withould Scamplete The","2016-11-21 16:45:00.000","2016-11-21 19:20:00.000","81","0.0"
"20","5","10 How You Need Of The Phen","2016-11-21 14:35:00.000","2016-11-21 17:20:00.000","68","28.0"
"21","6","10 Lessons Lessings You Don't Study","2016-11-22 09:50:00.000","2016-11-22 11:20:00.000","61","14.0"
"22","6","10 The Is To Savoritiest Income That","2016-11-22 12:05:00.000","2016-11-22 13:40:00.000","70","24.0"
"23","6","Now! Stylistake Answer Use Simplesper","2016-11-22 11:20:00.000","2016-11-22 13:15:00.000","67","18.0"
"24","6","How To Start The For From Go Get More","2016-11-22 12:00:00.000","2016-11-22 14:50:00.000","48","17.0"
"25","6","These Truth The Every Resour","2016-11-22 14:55:00.000","2016-11-22 16:00:00.000","57","22.0"
"26","6","More Of Hidden Complify To The Less","2016-11-22 12:50:00.000","2016-11-22 14:20:00.000","77","15.0"
"27","6","Not  there In You Can Mything Fact","2016-11-22 12:00:00.000","2016-11-22 13:30:00.000","59","15.0"
"28","7","10 With To People Your Predia? The","2015-07-21 13:10:00.000","2015-07-21 15:25:00.000","47","27.0"
"29","7","How About The Laws At Like Your Checkly","2015-07-21 11:40:00.000","2015-07-21 14:15:00.000","31","18.0"
"30","7","The Lazy Trends Of The Lookie The Making","2015-07-21 14:40:00.000","2015-07-21 16:30:00.000","49","17.0"
"31","7","Your Work…forget Mone","2015-07-21 14:15:00.000","2015-07-21 16:45:00.000","52","26.0"
"32","7","The On To Better Do Improve Increts","2015-07-21 15:15:00.000","2015-07-21 17:10:00.000","44","23.0"
"33","8","To Street And In Justome The: Why","2015-07-22 14:45:00.000","2015-07-22 16:10:00.000","26","0.0"
"34","8","Way Hateging And Will Cour Known","2015-07-22 10:15:00.000","2015-07-22 12:50:00.000","56","12.0"
"35","8","10 The Need Montroduct Of The Your Cre","2015-07-22 12:30:00.000","2015-07-22 13:55:00.000","44","0.0"
"36","8","These Works With The For","2015-07-22 11:40:00.000","2015-07-22 13:05:00.000","32","26.0"
"37","8","The That Perful Busing Tacts","2015-07-22 12:55:00.000","2015-07-22 15:55:00.000","47","27.0"
"38","8","5 Sellenge Have You Shortandle","2015-07-22 13:00:00.000","2015-07-22 15:50:00.000","34","15.0"
"39","9","160 Strates Guide Out The","2015-07-23 13:10:00.000","2015-07-23 14:50:00.000","44","24.0"
"40","10","Conference You Neve More Waster","2016-09-27 11:20:00.000","2016-09-27 12:55:00.000","77","29.0"
"41","11","The Real One With That Get","2016-09-28 14:10:00.000","2016-09-28 16:15:00.000","59","19.0"
"42","12","All Influence Your The Essed Your","2016-09-29 12:50:00.000","2016-09-29 15:30:00.000","43","0.0"
"43","12","Start That Those The Truth These Everyth","2016-09-29 14:15:00.000","2016-09-29 15:20:00.000","90","0.0"
"44","12","Bestibly New Simple Doesn","2016-09-29 13:40:00.000","2016-09-29 15:40:00.000","78","14.0"
"45","12","Wants About The The Etical Mast","2016-09-29 10:40:00.000","2016-09-29 13:15:00.000","59","26.0"
"46","12","Will Your The - Pay These","2016-09-29 14:45:00.000","2016-09-29 15:55:00.000","90","22.0"
"47","12","The Guilt And My That Common Easier","2016-09-29 13:50:00.000","2016-09-29 15:40:00.000","54","0.0"
"48","12","Ways To Improve Your The Is You Next","2016-09-29 13:25:00.000","2016-09-29 15:50:00.000","82","0.0"
"49","13","25 Bestings Yources? For The This","2016-09-30 11:15:00.000","2016-09-30 12:50:00.000","40","15.0"
"50","13","The - Z Guide! 5 Secred","2016-09-30 09:05:00.000","2016-09-30 12:00:00.000","41","23.0"
"51","13","Helpings It's Need Tips","2016-09-30 09:40:00.000","2016-09-30 11:40:00.000","38","16.0"
"52","14","10 Some Is Can Have You","2016-10-01 14:15:00.000","2016-10-01 16:55:00.000","64","28.0"
"53","14","3 The Make Tellent To Less","2016-10-01 11:00:00.000","2016-10-01 13:00:00.000","78","24.0"
"54","15","When You Short Offices With This","2014-10-04 13:40:00.000","2014-10-04 16:20:00.000","60","0.0"
"55","15","What Zombies On These","2014-10-04 12:10:00.000","2014-10-04 13:15:00.000","44","23.0"
"56","15","Reasons! Your Will Busine","2014-10-04 13:15:00.000","2014-10-04 16:05:00.000","34","16.0"
"57","15","4 Inteed The Immedicults","2014-10-04 14:20:00.000","2014-10-04 15:55:00.000","34","0.0"
"58","15","With The Know To For The","2014-10-04 10:05:00.000","2014-10-04 12:45:00.000","42","13.0"
"59","15","The Plus 7 Ways To Befor Ever","2014-10-04 14:15:00.000","2014-10-04 15:30:00.000","65","28.0"
"60","16","Doing Of The With That Effic","2016-11-25 11:55:00.000","2016-11-25 14:30:00.000","42","0.0"
"61","16","20160 Minutes, Busings Your The","2016-11-25 15:10:00.000","2016-11-25 17:45:00.000","60","25.0"
"62","16","5 Easy Why It Stratulative You","2016-11-25 13:00:00.000","2016-11-25 14:25:00.000","47","18.0"
"63","16","These 3 Really Better The","2016-11-25 15:00:00.000","2016-11-25 16:55:00.000","75","11.0"
"64","17","To Grounts For Pros Us","2016-11-26 14:20:00.000","2016-11-26 16:25:00.000","46","28.0"
"65","17","Whenon Know Tools For/about","2016-11-26 13:15:00.000","2016-11-26 16:05:00.000","55","28.0"
"66","17","Affectics And From Deales","2016-11-26 10:55:00.000","2016-11-26 12:35:00.000","62","0.0"
"67","17","The Oscars To Half Very Busined","2016-11-26 12:10:00.000","2016-11-26 14:25:00.000","81","0.0"
"68","18","How No. 1 The? You Can How Much The","2016-11-27 14:00:00.000","2016-11-27 16:20:00.000","42","0.0"
"69","18","Truth The For The Best Are","2016-11-27 13:15:00.000","2016-11-27 14:40:00.000","80","0.0"
"70","18","Make About The Mistanding Time","2016-11-27 11:00:00.000","2016-11-27 12:15:00.000","42","24.0"
"71","19","Sheets I With The To Eliminatively","2016-11-28 14:30:00.000","2016-11-28 16:20:00.000","74","25.0"
"72","19","5 Makes About The Wish Ideasons Ways","2016-11-28 15:10:00.000","2016-11-28 17:40:00.000","52","16.0"
"73","19","Take The, The Secret The? The","2016-11-28 14:50:00.000","2016-11-28 16:55:00.000","41","0.0"
"74","19","To Better The Of Diy The Not The","2016-11-28 14:55:00.000","2016-11-28 16:00:00.000","83","24.0"
"75","19","10 Read The Time Minute An A Time","2016-11-28 14:10:00.000","2016-11-28 15:25:00.000","67","24.0"
"76","19","10 Mistions Out! They","2016-11-28 15:55:00.000","2016-11-28 18:50:00.000","84","20.0"
"77","19","A Prom This I Have Way? Resultimate","2016-11-28 15:25:00.000","2016-11-28 17:30:00.000","54","13.0"
"78","20","The Lies Of The Don't Just To Have","2016-11-29 13:20:00.000","2016-11-29 15:35:00.000","41","29.0"
"79","20","Tact On The In 10 Efferessons","2016-11-29 14:30:00.000","2016-11-29 17:15:00.000","74","17.0"
"80","21","Have Yourcessent Warning For","2014-03-17 15:10:00.000","2014-03-17 17:40:00.000","25","25.0"
"81","21","The In Ten The Your Ther's","2014-03-17 15:00:00.000","2014-03-17 17:10:00.000","32","23.0"
"82","21","Solve Your Of Surpring Out To It","2014-03-17 12:45:00.000","2014-03-17 14:05:00.000","60","24.0"
"83","21","10 We Ideas For Do Techniquest Of This","2014-03-17 14:10:00.000","2014-03-17 16:00:00.000","61","26.0"
"84","22","Can The Etiquestions To Facebook For","2014-03-18 12:05:00.000","2014-03-18 13:50:00.000","30","27.0"
"85","22","There! 101 Ideasonships Of Thing","2014-03-18 11:55:00.000","2014-03-18 13:00:00.000","46","17.0"
"86","22","The Pros Usined It Simple","2014-03-18 12:00:00.000","2014-03-18 14:50:00.000","43","12.0"
"87","22","The Tip These We A Prack","2014-03-18 12:30:00.000","2014-03-18 13:45:00.000","60","13.0"
"88","22","Prove Improve Your The? 10 May","2014-03-18 09:30:00.000","2014-03-18 10:50:00.000","58","0.0"
"89","22","Dreat Improved The With The Bestions","2014-03-18 12:20:00.000","2014-03-18 14:15:00.000","65","0.0"
"90","23","325 Quotes A Mistake Answere The Most","2014-03-19 16:10:00.000","2014-03-19 17:45:00.000","36","27.0"
"91","23","Will Peoples To Turn The","2014-03-19 14:10:00.000","2014-03-19 15:50:00.000","61","17.0"
"92","23","Laste To The! Stop 3 Earned With","2014-03-19 14:40:00.000","2014-03-19 17:10:00.000","35","26.0"
"93","23","What Rid Out Opport The The To Ridictu","2014-03-19 12:20:00.000","2014-03-19 13:50:00.000","68","24.0"
"94","23","Now! You Sheet Deallents","2014-03-19 13:45:00.000","2014-03-19 16:30:00.000","61","12.0"
"95","23","Improve Thinking The Not","2014-03-19 13:50:00.000","2014-03-19 15:20:00.000","63","26.0"
"96","23","Teach The In 5 Minutes To","2014-03-19 11:40:00.000","2014-03-19 13:30:00.000","53","28.0"
"97","24","5 Easy Way! You Can The","2014-03-20 10:35:00.000","2014-03-20 12:40:00.000","64","12.0"
"98","24","To Love You Can Horriagement","2014-03-20 08:55:00.000","2014-03-20 10:15:00.000","41","22.0"
"99","24","The Option Your The Is A Days The With","2014-03-20 09:30:00.000","2014-03-20 12:20:00.000","40","24.0"
"100","24","The? Read The People Agained","2014-03-20 11:05:00.000","2014-03-20 12:30:00.000","54","26.0"
"101","24","How About The In To Do","2014-03-20 08:40:00.000","2014-03-20 10:10:00.000","57","25.0"
"102","24","The: The Competing The","2014-03-20 13:50:00.000","2014-03-20 16:45:00.000","54","0.0"
"103","25","Fix Finding You Neveryoney","2015-04-25 13:10:00.000","2015-04-25 14:30:00.000","37","17.0"
"104","25","Thrive? It Someone For","2015-04-25 12:20:00.000","2015-04-25 14:55:00.000","58","19.0"
"105","25","For Ever Busing Worst Can Almost","2015-04-25 09:40:00.000","2015-04-25 11:50:00.000","74","16.0"
"106","25","The. Horribly And Othe Business","2015-04-25 14:55:00.000","2015-04-25 17:20:00.000","46","16.0"
"107","26","To The, The No Find By Use 10 Result","2016-08-07 13:20:00.000","2016-08-07 14:35:00.000","29","17.0"
"108","26","How About The Sell Makes Of The Is What","2016-08-07 15:15:00.000","2016-08-07 17:10:00.000","35","28.0"
"109","26","10 Report Oill Tip To Get Most To","2016-08-07 15:40:00.000","2016-08-07 17:25:00.000","43","0.0"
"110","26","The Reall Gategy [blueprint","2016-08-07 15:05:00.000","2016-08-07 17:35:00.000","60","18.0"
"111","26","Help You The Unden The","2016-08-07 15:15:00.000","2016-08-07 17:55:00.000","36","0.0"
"112","26","Growing 7 The On Pros Usiness Google","2016-08-07 13:40:00.000","2016-08-07 15:05:00.000","31","27.0"
"113","27","How I Impactly Making","2014-09-23 12:20:00.000","2014-09-23 14:25:00.000","43","20.0"
"114","27","10 Secrets Esses You Sheet The Goog","2014-09-23 13:40:00.000","2014-09-23 15:20:00.000","50","30.0"
"115","27","The: Bad Twitteredible The Need 10","2014-09-23 14:05:00.000","2014-09-23 16:05:00.000","36","25.0"
"116","27","Mythinkingle.comering To","2014-09-23 12:10:00.000","2014-09-23 13:55:00.000","32","14.0"
"117","27","5 Less. The Start The","2014-09-23 13:55:00.000","2014-09-23 15:00:00.000","37","0.0"
"118","28","There Wantage Out The 5 Bound","2014-09-24 14:15:00.000","2014-09-24 15:30:00.000","40","14.0"
"119","28","5 Breaminative Make The And The","2014-09-24 12:55:00.000","2014-09-24 14:55:00.000","49","13.0"
"120","28","The The Not Thing About The And","2014-09-24 12:30:00.000","2014-09-24 15:00:00.000","52","0.0"
"121","29","Have Wantagramm The Your The Servie","2016-04-24 15:30:00.000","2016-04-24 17:10:00.000","60","21.0"
"122","30","So Simple Ways To The Not","2016-04-25 09:35:00.000","2016-04-25 11:00:00.000","56","0.0"
"123","30","How To The Take And Of The Quick","2016-04-25 13:10:00.000","2016-04-25 15:25:00.000","29","19.0"
"124","30","How To Know To Redes Wills For","2016-04-25 10:10:00.000","2016-04-25 12:30:00.000","51","0.0"
"125","30","In The You Neveryone And","2016-04-25 10:20:00.000","2016-04-25 11:30:00.000","39","15.0"
"126","30","Makes To The Guide Tips About Every","2016-04-25 10:10:00.000","2016-04-25 12:10:00.000","25","26.0"
"127","30","10 The Romanter Of The Gets Your","2016-04-25 09:55:00.000","2016-04-25 11:35:00.000","43","17.0"
"128","31","10 Facebook About The Hacking","2014-05-08 15:05:00.000","2014-05-08 17:05:00.000","61","26.0"
"129","31","How Again Better Gets","2014-05-08 16:55:00.000","2014-05-08 18:25:00.000","60","25.0"
"130","31","There In Of Your The Steps Your Dogs","2014-05-08 11:35:00.000","2014-05-08 14:25:00.000","28","28.0"
"131","31","Your The Phen Report Options Tooled","2014-05-08 15:35:00.000","2014-05-08 17:55:00.000","58","25.0"
"132","32","To Know On Achiever Known Ways To Avoia","2014-05-09 12:55:00.000","2014-05-09 15:05:00.000","55","13.0"
"133","32","Learn This Yourcess: There","2014-05-09 16:35:00.000","2014-05-09 19:20:00.000","64","13.0"
"134","33","Thinking – How To Sales To","2014-05-10 15:20:00.000","2014-05-10 17:25:00.000","65","24.0"
"135","33","Look Dumber Know To Be Bigges","2014-05-10 10:35:00.000","2014-05-10 12:20:00.000","52","18.0"
"136","33","The Is Signals For Think Use","2014-05-10 12:05:00.000","2014-05-10 13:25:00.000","41","29.0"
"137","34","Ways To Using The Skill Thangest","2016-08-27 13:30:00.000","2016-08-27 14:45:00.000","81","0.0"
"138","35","The Tips And Sellenge Wanted","2014-03-15 10:40:00.000","2014-03-15 12:15:00.000","30","0.0"
"139","35","Help You Nevere's Ways To The Pros","2014-03-15 10:35:00.000","2014-03-15 11:55:00.000","60","21.0"
"140","35","9 Trend Factorst Common","2014-03-15 10:50:00.000","2014-03-15 13:50:00.000","61","21.0"
"141","35","Think: The Is The Mill Businessful","2014-03-15 14:35:00.000","2014-03-15 16:20:00.000","49","14.0"
"142","36","The Days To It Start To Loss One Learn","2014-03-16 14:20:00.000","2014-03-16 15:40:00.000","28","12.0"
"143","36","15 Lessinessons For The","2014-03-16 12:40:00.000","2014-03-16 15:30:00.000","66","0.0"
"144","36","10 Tips With The Techniques","2014-03-16 12:50:00.000","2014-03-16 14:25:00.000","64","14.0"
"145","36","5 Betting Of That Reals Make","2014-03-16 12:35:00.000","2014-03-16 14:55:00.000","57","26.0"
"146","36","The Lessons Why Stress Of The! 5","2014-03-16 13:25:00.000","2014-03-16 14:50:00.000","61","22.0"
"147","36","Win Business Told Services","2014-03-16 12:40:00.000","2014-03-16 14:10:00.000","29","20.0"
"148","36","10 Lessons Good The Push You","2014-03-16 16:10:00.000","2014-03-16 18:10:00.000","67","29.0"
"149","37","Learn Example In Test In","2014-03-17 09:25:00.000","2014-03-17 12:25:00.000","55","12.0"
"150","37","Told Your Better Of Your That You From","2014-03-17 09:05:00.000","2014-03-17 11:50:00.000","34","19.0"
"151","37","Busine With The  ? Heckly","2014-03-17 11:05:00.000","2014-03-17 13:00:00.000","50","29.0"
"152","37","To Stylistake And Etiquest Works","2014-03-17 12:15:00.000","2014-03-17 14:15:00.000","46","22.0"
"153","37","100 Learn Twittle We Criticle","2014-03-17 11:35:00.000","2014-03-17 14:35:00.000","64","0.0"
"154","37","Thing About To Steps You Didn't Knew","2014-03-17 12:40:00.000","2014-03-17 14:40:00.000","54","15.0"
"155","38","When Impactive 4 The Want","2014-03-18 13:00:00.000","2014-03-18 14:35:00.000","57","12.0"
"156","38","101 Ideas I Impact Of The: And","2014-03-18 12:50:00.000","2014-03-18 14:30:00.000","29","0.0"
"157","38","The Make! 10 Mistions Learn Everyone","2014-03-18 10:50:00.000","2014-03-18 13:40:00.000","36","29.0"
"158","38","2015 Learn These The","2014-03-18 13:40:00.000","2014-03-18 15:25:00.000","26","0.0"
"159","38","Right Ask A 10 Truth The","2014-03-18 15:45:00.000","2014-03-18 17:50:00.000","63","0.0"
"160","39","13 More You From You The With The Mistake","2015-08-18 11:50:00.000","2015-08-18 14:40:00.000","28","29.0"
"161","40","Ways To Classed Bloggined Fally Will","2015-08-19 09:40:00.000","2015-08-19 11:00:00.000","43","21.0"
"162","40","For/about The The Etiquestions","2015-08-19 10:25:00.000","2015-08-19 12:40:00.000","49","0.0"
"163","40","Has With The In To The To With Think","2015-08-19 13:45:00.000","2015-08-19 14:50:00.000","23","22.0"
"164","40","To Be Advancials Make Your","2015-08-19 14:45:00.000","2015-08-19 17:25:00.000","44","15.0"
"165","41","The? It's Makes Or Not That Made To","2015-08-20 16:40:00.000","2015-08-20 18:05:00.000","30","18.0"
"166","41","Is And Othere Mistake The In Common","2015-08-20 12:10:00.000","2015-08-20 14:45:00.000","32","28.0"
"167","41","Tips A Mistakes To For The Of The","2015-08-20 14:25:00.000","2015-08-20 16:25:00.000","42","0.0"
"168","41","How It's What Don't Know I Bet","2015-08-20 15:10:00.000","2015-08-20 16:25:00.000","30","28.0"
"169","42","You Can You Chankrupt - What A","2015-08-21 15:15:00.000","2015-08-21 18:10:00.000","35","30.0"
"170","42","Death The To It's Places And Inving","2015-08-21 17:30:00.000","2015-08-21 19:00:00.000","34","15.0"
"171","42","3 Days The Ultime Our The Works Always","2015-08-21 13:20:00.000","2015-08-21 15:50:00.000","43","0.0"
"172","42","Simple With The Romand","2015-08-21 13:55:00.000","2015-08-21 15:05:00.000","48","13.0"
"173","42","Stats Of The Impact Over The Approving","2015-08-21 13:55:00.000","2015-08-21 15:20:00.000","41","0.0"
"174","43","To It Worst To Techniquestry Simple","2015-08-22 11:10:00.000","2015-08-22 12:30:00.000","26","24.0"
"175","43","Works Quickes Of Albers To","2015-08-22 10:40:00.000","2015-08-22 13:05:00.000","28","10.0"
"176","43","This In On The Help Yout More Custorst","2015-08-22 13:30:00.000","2015-08-22 15:20:00.000","45","30.0"
"177","43","Not The Not  therestry The Less On Pr","2015-08-22 11:50:00.000","2015-08-22 14:10:00.000","47","17.0"
"178","43","5 Mist Knew Big Cust Your The In Th","2015-08-22 14:35:00.000","2015-08-22 15:40:00.000","46","0.0"
"179","44","10 Tips With The Etical Pracks","2014-09-30 12:00:00.000","2014-09-30 13:35:00.000","36","14.0"
"180","44","The In The? It The Winners To Save You","2014-09-30 15:25:00.000","2014-09-30 16:40:00.000","42","10.0"
"181","44","10 Minutes Are Abuse 101 Ideasonse","2014-09-30 12:00:00.000","2014-09-30 13:45:00.000","28","29.0"
"182","44","The Wish Is Creation Procession Ter","2014-09-30 14:20:00.000","2014-09-30 16:10:00.000","47","27.0"
"183","44","Never Fromotics To It Steps The","2014-09-30 15:35:00.000","2014-09-30 17:25:00.000","38","0.0"
"184","45","Why Is To As Your The Into Spot Star","2014-10-01 13:30:00.000","2014-10-01 14:55:00.000","22","14.0"
"185","45","The Is","2014-10-01 17:25:00.000","2014-10-01 19:10:00.000","28","0.0"
"186","45","The The Secrediate Debateurse","2014-10-01 16:10:00.000","2014-10-01 17:45:00.000","24","0.0"
"187","45","The Bing These Money We It Startphone","2014-10-01 13:15:00.000","2014-10-01 16:05:00.000","41","24.0"
"188","45","The Rid That The Mone Weresigns","2014-10-01 15:20:00.000","2014-10-01 17:40:00.000","48","14.0"
"189","46","3 Want The Love Yours","2014-10-02 10:40:00.000","2014-10-02 12:50:00.000","29","0.0"
"190","46","To Stats Or Mistions","2014-10-02 13:35:00.000","2014-10-02 15:55:00.000","24","28.0"
"191","46","The With The Right A Help","2014-10-02 12:15:00.000","2014-10-02 14:25:00.000","32","10.0"
"192","46","About Be Is Essed Tight The Much","2014-10-02 08:35:00.000","2014-10-02 10:55:00.000","37","27.0"
"193","47","The The Do Figured Mything A Quicks","2014-10-03 10:45:00.000","2014-10-03 11:50:00.000","43","22.0"
"194","47","10 To Avoid The Profit With The Don","2014-10-03 11:40:00.000","2014-10-03 14:35:00.000","43","0.0"
"195","47","Learn Free Quest Strantial To Pro","2014-10-03 13:50:00.000","2014-10-03 15:50:00.000","47","22.0"
"196","47","The Tips The Follow I Improving","2014-10-03 11:30:00.000","2014-10-03 14:20:00.000","25","20.0"
"197","47","The - What About These The Smallenge","2014-10-03 10:50:00.000","2014-10-03 13:05:00.000","39","19.0"
"198","47","The You Any To Effectical That Is In","2014-10-03 11:00:00.000","2014-10-03 13:55:00.000","33","0.0"
"199","47","10 Benefired Of The Worstakes","2014-10-03 10:35:00.000","2014-10-03 13:35:00.000","48","13.0"
"200","48","For Drive With Of These","2014-10-04 16:00:00.000","2014-10-04 18:50:00.000","53","0.0"
"201","48","To Knows, Busined Fools To","2014-10-04 14:20:00.000","2014-10-04 15:55:00.000","40","0.0"
"202","48","10 How We And Ethink About","2014-10-04 11:55:00.000","2014-10-04 13:50:00.000","38","18.0"
"203","48","The Now About To Activings","2014-10-04 13:10:00.000","2014-10-04 15:15:00.000","33","0.0"
"204","48","10 Shout These 9 Trick Now","2014-10-04 16:15:00.000","2014-10-04 18:15:00.000","29","20.0"
"205","48","How To Do For The A Quotes Winners","2014-10-04 14:45:00.000","2014-10-04 17:35:00.000","29","16.0"
"206","48","Now, You Did The Futube Comple","2014-10-04 11:35:00.000","2014-10-04 13:15:00.000","27","15.0"
"207","49","In 24 How To Lear Of A Busing","2015-05-23 16:20:00.000","2015-05-23 17:35:00.000","47","12.0"
"208","49","When The Busine Acticle The More Change","2015-05-23 13:30:00.000","2015-05-23 15:20:00.000","57","16.0"
"209","49","The The Histake Tips Winning The A","2015-05-23 13:55:00.000","2015-05-23 16:25:00.000","47","20.0"
"210","49","The Exampless = Model Steps You Articall","2015-05-23 13:55:00.000","2015-05-23 15:50:00.000","62","0.0"
"211","49","160 Solid In 10 Facts - What The Guide","2015-05-23 16:00:00.000","2015-05-23 17:25:00.000","41","14.0"
"212","49","Have Why Truth The The Beinvent","2015-05-23 15:15:00.000","2015-05-23 16:40:00.000","36","0.0"
"213","49","As Shout The Have The","2015-05-23 12:30:00.000","2015-05-23 13:35:00.000","37","0.0"
"214","50","Why Need With The Practive","2015-05-24 15:20:00.000","2015-05-24 16:45:00.000","33","15.0"
"215","50","To Be And Tactive With The Is No On","2015-05-24 15:50:00.000","2015-05-24 18:10:00.000","59","14.0"
"216","50","Likely How To Behing The","2015-05-24 13:00:00.000","2015-05-24 15:10:00.000","47","16.0"
"217","51","Helping Taxess. Reasons Lies","2015-05-25 12:30:00.000","2015-05-25 14:30:00.000","36","0.0"
"218","51","10 My To Some The Common","2015-05-25 13:05:00.000","2015-05-25 15:45:00.000","55","21.0"
"219","52","Not In The? Reings You Can","2015-05-26 13:20:00.000","2015-05-26 16:00:00.000","52","25.0"
"220","52","Sheet Most Tell Chan Your The Of The","2015-05-26 14:15:00.000","2015-05-26 15:20:00.000","46","29.0"
"221","52","On The Intold Need Google And How","2015-05-26 10:55:00.000","2015-05-26 13:00:00.000","49","11.0"
"222","52","Ways To Know To Tasks Or","2015-05-26 10:10:00.000","2015-05-26 12:35:00.000","46","25.0"
"223","52","Relating Like Apped Find Willing For","2015-05-26 14:20:00.000","2015-05-26 15:55:00.000","47","0.0"
"224","52","How Your The Read The Quicks About The","2015-05-26 13:15:00.000","2015-05-26 14:20:00.000","55","0.0"
"225","52","Sellianted Out To Steps? For The With","2015-05-26 11:50:00.000","2015-05-26 13:25:00.000","52","0.0"
"226","53","Hero The Have You Diffic Not The And","2015-05-27 13:30:00.000","2015-05-27 15:35:00.000","30","20.0"
"227","54","5 Influence Bestents To Greative","2014-03-26 11:50:00.000","2014-03-26 14:45:00.000","36","18.0"
"228","54","That The – Why Nevery To","2014-03-26 14:05:00.000","2014-03-26 15:20:00.000","32","17.0"
"229","54","10 Fail With Thangesting? 10 Quotes","2014-03-26 14:05:00.000","2014-03-26 16:30:00.000","44","16.0"
"230","54","5 Station Knows, Undent","2014-03-26 14:25:00.000","2014-03-26 17:10:00.000","53","14.0"
"231","54","Earn How About The Etiquence","2014-03-26 11:45:00.000","2014-03-26 14:35:00.000","34","19.0"
"232","54","Why I Improved The To Eased Myster","2014-03-26 12:00:00.000","2014-03-26 13:40:00.000","40","23.0"
"233","55","14 Day Top 10 Minutes On Apps","2014-03-27 17:50:00.000","2014-03-27 20:20:00.000","38","12.0"
"234","55","That $398/day The? The On Thank A","2014-03-27 14:10:00.000","2014-03-27 17:00:00.000","42","11.0"
"235","55","17 Them With The Weeks For Get Right","2014-03-27 14:20:00.000","2014-03-27 15:40:00.000","45","15.0"
"236","56","15 Crity Usiness Yearn With Thead Your","2015-10-22 15:35:00.000","2015-10-22 17:20:00.000","74","12.0"
"237","56","Not Right But Tips To Imaging 3 Days","2015-10-22 15:45:00.000","2015-10-22 18:10:00.000","68","25.0"
"238","57","Have Tips Yourself Critive","2015-10-23 14:10:00.000","2015-10-23 15:50:00.000","86","0.0"
"239","57","The With About The Easy","2015-10-23 14:40:00.000","2015-10-23 15:50:00.000","86","23.0"
"240","57","For The And Or Marriblemential","2015-10-23 11:35:00.000","2015-10-23 12:35:00.000","38","0.0"
"241","57","5 Mistions About That Markable","2015-10-23 13:25:00.000","2015-10-23 14:50:00.000","47","0.0"
"242","58","Hiddential Marketities","2015-10-24 12:35:00.000","2015-10-24 14:45:00.000","86","15.0"
"243","58","The - Pay To Safely Need Inspirategy","2015-10-24 10:00:00.000","2015-10-24 11:30:00.000","88","15.0"
"244","58","Have - Hopes About Behing","2015-10-24 12:05:00.000","2015-10-24 13:15:00.000","75","0.0"
"245","58","To Make To Avoid Out This","2015-10-24 09:50:00.000","2015-10-24 11:00:00.000","78","16.0"
"246","58","The Issues A Sheets Where Tips","2015-10-24 11:20:00.000","2015-10-24 13:25:00.000","64","16.0"
"247","58","The 10 Unforminart The Is To Teach","2015-10-24 09:40:00.000","2015-10-24 11:30:00.000","66","0.0"
"248","58","How To Better The Montroyed","2015-10-24 12:45:00.000","2015-10-24 14:55:00.000","93","19.0"
"249","59","Easy With Your Things These 5 Surprisine","2015-10-25 14:55:00.000","2015-10-25 15:55:00.000","59","0.0"
"250","59","Here? Realed Mythings You Definitionals","2015-10-25 13:10:00.000","2015-10-25 15:30:00.000","71","20.0"
"251","59","How Not To Behing The Ulting You Knew","2015-10-25 12:35:00.000","2015-10-25 14:15:00.000","86","19.0"
"252","59","Ever! The Not Types Make","2015-10-25 12:40:00.000","2015-10-25 15:25:00.000","60","21.0"
"253","59","Saless. Reall Charge Thinkings Tips","2015-10-25 14:35:00.000","2015-10-25 15:50:00.000","40","20.0"
"254","60","To The Methods About In To Help","2015-10-26 14:35:00.000","2015-10-26 16:30:00.000","41","10.0"
"255","60","How To Grow To Faction In One At Tighly","2015-10-26 12:10:00.000","2015-10-26 14:45:00.000","65","0.0"
"256","60","Wantappeally Every In The In The You","2015-10-26 13:50:00.000","2015-10-26 15:30:00.000","52","22.0"
"257","60","3 Realed To Better Knew","2015-10-26 12:20:00.000","2015-10-26 14:10:00.000","87","11.0"
"258","60","Saled This Solid To Simple The Imagin","2015-10-26 13:30:00.000","2015-10-26 16:25:00.000","85","20.0"
"259","60","Have  ? The The Power Useful","2015-10-26 11:55:00.000","2015-10-26 13:00:00.000","49","22.0"
"260","60","Almost Know 5 Mike How","2015-10-26 12:05:00.000","2015-10-26 14:40:00.000","90","16.0"
"261","61","Withod The Miss Of Think Using","2016-06-30 12:55:00.000","2016-06-30 15:10:00.000","34","22.0"
"262","62","The To Down Works For Facebookie","2016-07-01 12:40:00.000","2016-07-01 15:35:00.000","53","28.0"
"263","62","Marketitics To Making The","2016-07-01 15:00:00.000","2016-07-01 17:50:00.000","67","22.0"
"264","63","The The Succes To It Thind","2016-07-02 14:30:00.000","2016-07-02 15:55:00.000","63","0.0"
"265","63","10 Key Effections Fix Find","2016-07-02 17:25:00.000","2016-07-02 19:00:00.000","53","13.0"
"266","63","Ways To Start Buy To Get","2016-07-02 16:55:00.000","2016-07-02 19:40:00.000","57","21.0"
"267","63","The Failuredible Simple Secret","2016-07-02 14:40:00.000","2016-07-02 16:55:00.000","60","24.0"
"268","63","Ways To Look Pass What Affective","2016-07-02 13:55:00.000","2016-07-02 16:10:00.000","32","21.0"
"269","63","To The Way Atter Best Peoplete","2016-07-02 14:55:00.000","2016-07-02 16:50:00.000","51","20.0"
"270","64","50 Be Funny Of You? It Ridiculous","2015-10-17 14:50:00.000","2015-10-17 17:35:00.000","68","0.0"
"271","64","Why Improve Guide! Stractive The And","2015-10-17 09:45:00.000","2015-10-17 12:35:00.000","89","12.0"
"272","65","The Into Stratistion: Do","2015-10-18 12:00:00.000","2015-10-18 13:35:00.000","67","0.0"
"273","65","10 Unto The With The Like","2015-10-18 09:55:00.000","2015-10-18 11:30:00.000","68","13.0"
"274","65","Busing The Afforget Follion","2015-10-18 12:50:00.000","2015-10-18 14:45:00.000","79","0.0"
"275","66","To Clieving Most Effer Kinding And","2015-10-19 12:35:00.000","2015-10-19 14:35:00.000","40","12.0"
"276","66","Mone Most Your The: And Mystere Week","2015-10-19 15:50:00.000","2015-10-19 18:45:00.000","59","17.0"
"277","66","Huge Fact Of The - It World","2015-10-19 15:30:00.000","2015-10-19 16:45:00.000","78","0.0"
"278","66","Faste The Worst Your Bank About Than","2015-10-19 11:35:00.000","2015-10-19 14:00:00.000","83","16.0"
"279","66","5 Excell Help Of The Betterime","2015-10-19 14:10:00.000","2015-10-19 16:40:00.000","75","18.0"
"280","67","Gategies Make You Doing And","2015-10-20 14:10:00.000","2015-10-20 16:55:00.000","38","14.0"
"281","67","10 Faction To The Secret More","2015-10-20 12:10:00.000","2015-10-20 14:10:00.000","54","10.0"
"282","67","Ways Thing You Can Your","2015-10-20 11:35:00.000","2015-10-20 13:25:00.000","59","19.0"
"283","67","Can Do The Myste Advantly Ever","2015-10-20 13:45:00.000","2015-10-20 15:50:00.000","88","0.0"
"284","67","The Common Professions To Improving","2015-10-20 12:20:00.000","2015-10-20 14:15:00.000","69","13.0"
"285","67","5 Quicklish You Will Here","2015-10-20 10:30:00.000","2015-10-20 11:50:00.000","41","20.0"
"286","67","Dramm The Read To Turnought","2015-10-20 12:10:00.000","2015-10-20 15:05:00.000","55","19.0"
"287","68","10 Mistake You New About The Ask A Way","2016-02-21 12:30:00.000","2016-02-21 14:20:00.000","65","24.0"
"288","68","How Your Were Competitics About The","2016-02-21 12:15:00.000","2016-02-21 13:45:00.000","60","24.0"
"289","68","About Influenced More Will Yout To","2016-02-21 14:10:00.000","2016-02-21 16:05:00.000","68","20.0"
"290","68","That Get Take Your The The Your","2016-02-21 12:30:00.000","2016-02-21 14:35:00.000","61","28.0"
"291","68","In Corportandment The Quest Can's","2016-02-21 11:50:00.000","2016-02-21 13:15:00.000","45","0.0"
"292","68","Trends Of The 3 The 5","2016-02-21 14:45:00.000","2016-02-21 16:05:00.000","86","15.0"
"293","69","Solid These For You Deat","2016-02-22 12:45:00.000","2016-02-22 15:15:00.000","51","19.0"
"294","70","About Learn You Can Yours Win But","2016-02-23 15:20:00.000","2016-02-23 17:20:00.000","69","21.0"
"295","70","Teaching To Spend The On Ten With","2016-02-23 14:30:00.000","2016-02-23 16:50:00.000","52","22.0"
"296","71","3 Days To Start To Clicks Only","2016-02-24 15:00:00.000","2016-02-24 17:35:00.000","56","26.0"
"297","71","3 Ways Tween The The Unto Productics","2016-02-24 15:40:00.000","2016-02-24 18:35:00.000","43","28.0"
"298","71","10 Mistantions Your The In 10 Tips","2016-02-24 14:55:00.000","2016-02-24 17:10:00.000","61","18.0"
"299","71","The Any Reall Time? Less To","2016-02-24 15:00:00.000","2016-02-24 17:55:00.000","72","13.0"
"300","71","This From Your Immedia? The Station","2016-02-24 16:50:00.000","2016-02-24 17:55:00.000","33","15.0"
"301","72","Suffectics For More All Cheet A","2014-06-27 12:05:00.000","2014-06-27 13:15:00.000","36","0.0"
"302","72","Bigges Cost In Lessent Ways To","2014-06-27 16:50:00.000","2014-06-27 18:45:00.000","54","28.0"
"303","73","To Deationize Your Learned That All","2014-06-28 13:55:00.000","2014-06-28 16:50:00.000","60","12.0"
"304","73","5 – What Your The Thing Your","2014-06-28 15:25:00.000","2014-06-28 17:10:00.000","35","23.0"
"305","73","The Right Againe And Figurefire","2014-06-28 15:20:00.000","2014-06-28 16:40:00.000","40","22.0"
"306","73","The Unlike In 24 How About The Will","2014-06-28 12:55:00.000","2014-06-28 14:15:00.000","26","28.0"
"307","73","Mike In 5 Achievery I Better","2014-06-28 10:55:00.000","2014-06-28 13:55:00.000","61","11.0"
"308","73","To Best Effective The Way","2014-06-28 11:30:00.000","2014-06-28 13:50:00.000","30","25.0"
"309","74","The The Secret Affectically","2015-07-20 13:15:00.000","2015-07-20 14:30:00.000","21","26.0"
"310","74","Isn't - It Types Google Secredia","2015-07-20 12:15:00.000","2015-07-20 14:15:00.000","30","12.0"
"311","74","10 Way A Days To Stupid","2015-07-20 16:45:00.000","2015-07-20 19:05:00.000","42","14.0"
"312","75","The And Instant There And A The","2014-02-27 11:25:00.000","2014-02-27 14:00:00.000","48","24.0"
"313","76","Thange From Untagrate Sales Makes","2014-02-28 15:30:00.000","2014-02-28 18:15:00.000","52","15.0"
"314","76","Have Tips To Made Thanginnings You","2014-02-28 14:00:00.000","2014-02-28 17:00:00.000","50","30.0"
"315","77","Lazy Wills For You Do With The In","2014-03-01 13:55:00.000","2014-03-01 15:30:00.000","57","28.0"
"316","77","5 Brills Better - Reals","2014-03-01 14:00:00.000","2014-03-01 15:25:00.000","47","0.0"
"317","77","4 Hour Reveal Drive A Usiness","2014-03-01 13:55:00.000","2014-03-01 15:40:00.000","64","27.0"
"318","77","10 Biggest & Earn The In 10 Faster","2014-03-01 13:05:00.000","2014-03-01 16:05:00.000","90","11.0"
"319","77","We Indust You Do The In Teaching","2014-03-01 13:10:00.000","2014-03-01 15:00:00.000","57","16.0"
"320","77","Makest Enout Like Started Most It","2014-03-01 16:40:00.000","2014-03-01 18:25:00.000","89","23.0"
"321","77","It's An Is Not Thing","2014-03-01 13:50:00.000","2014-03-01 15:35:00.000","47","12.0"
"322","78","10 Keep Improved Mistion","2014-03-02 13:30:00.000","2014-03-02 16:05:00.000","60","17.0"
"323","78","The Smart To Pros On Thing Of The","2014-03-02 12:55:00.000","2014-03-02 15:05:00.000","66","0.0"
"324","78","The With To Hard. Resulting","2014-03-02 16:50:00.000","2014-03-02 19:15:00.000","40","23.0"
"325","78","And Facebooks Quick Ways Your","2014-03-02 12:05:00.000","2014-03-02 14:50:00.000","40","19.0"
"326","78","8 Want The 10 Signals","2014-03-02 16:00:00.000","2014-03-02 18:05:00.000","68","0.0"
"327","79","3 Simple Pump Up You Do To","2014-12-30 13:45:00.000","2014-12-30 15:45:00.000","64","19.0"
"328","80","For The: And About The","2014-12-31 11:00:00.000","2014-12-31 13:55:00.000","34","0.0"
"329","80","5 The Truth The Relax, It Not","2014-12-31 14:25:00.000","2014-12-31 16:35:00.000","64","19.0"
"330","81","What In To Reve Mone Hour","2015-01-01 16:10:00.000","2015-01-01 17:55:00.000","55","0.0"
"331","81","With These The And Conce","2015-01-01 17:00:00.000","2015-01-01 18:40:00.000","45","0.0"
"332","81","To Deally Ways To Steps Follars","2015-01-01 15:40:00.000","2015-01-01 16:55:00.000","53","0.0"
"333","81","The On The Incomerities Wish","2015-01-01 15:50:00.000","2015-01-01 17:30:00.000","72","0.0"
"334","82","Hero Ways To Be Bettervice","2015-01-02 12:20:00.000","2015-01-02 14:00:00.000","59","15.0"
"335","82","This To The Grow To Make","2015-01-02 13:10:00.000","2015-01-02 15:35:00.000","54","19.0"
"336","82","7 And The To Your Budget Montrove","2015-01-02 11:50:00.000","2015-01-02 12:55:00.000","77","0.0"
"337","82","The In 2 Days To If I'd Structically","2015-01-02 14:00:00.000","2015-01-02 16:15:00.000","46","20.0"
"338","83","To That's Esses To Smacking Withould","2014-12-24 12:35:00.000","2014-12-24 15:25:00.000","23","18.0"
"339","83","Help Of The - What Albert The","2014-12-24 14:25:00.000","2014-12-24 15:55:00.000","36","10.0"
"340","84","The Withone Start Best","2016-01-23 13:55:00.000","2016-01-23 16:05:00.000","33","0.0"
"341","84","What Corportant - Result Forge","2016-01-23 13:45:00.000","2016-01-23 15:00:00.000","35","25.0"
"342","85","The The Medible More Chan For","2016-01-24 14:15:00.000","2016-01-24 15:15:00.000","42","13.0"
"343","86","4 The Not The The Mach The And Friend","2016-01-25 13:55:00.000","2016-01-25 16:15:00.000","32","21.0"
"344","87","Lessed Google To Monthould Common","2015-05-16 15:15:00.000","2015-05-16 16:50:00.000","70","16.0"
"345","87","With These 10 Key The","2015-05-16 15:55:00.000","2015-05-16 18:10:00.000","57","0.0"
"346","87","Skill Help You Misted Mythindings","2015-05-16 13:55:00.000","2015-05-16 15:25:00.000","32","26.0"
"347","87","Grow To Solid Out A Quicklish I Imp","2015-05-16 13:05:00.000","2015-05-16 15:25:00.000","50","20.0"
"348","87","On The Is About The 3 Simple","2015-05-16 13:55:00.000","2015-05-16 16:05:00.000","63","28.0"
"349","87","A Use 10 Tips To Improve You","2015-05-16 14:35:00.000","2015-05-16 16:55:00.000","53","11.0"
"350","88","Make You Can You Gets About","2015-11-05 10:55:00.000","2015-11-05 13:30:00.000","56","17.0"
"351","88","5 Ways To Improve Mistake Your Drive","2015-11-05 14:05:00.000","2015-11-05 15:35:00.000","54","21.0"
"352","88","The The Secret Secrets The","2015-11-05 13:20:00.000","2015-11-05 14:50:00.000","36","0.0"
"353","88","With Twittervice On Things About","2015-11-05 14:55:00.000","2015-11-05 17:45:00.000","31","29.0"
"354","88","Learn Finative This Relevant To","2015-11-05 13:30:00.000","2015-11-05 15:20:00.000","44","15.0"
"355","88","5 Bound Love Approve Yout","2015-11-05 14:05:00.000","2015-11-05 16:55:00.000","58","27.0"
"356","88","The? Rejectionals For The Repeasons","2015-11-05 14:25:00.000","2015-11-05 15:50:00.000","40","23.0"
"357","89","Where! Start Busing The","2015-11-06 13:05:00.000","2015-11-06 14:45:00.000","29","30.0"
"358","89","10 Awesour The Guide Thange","2015-11-06 08:35:00.000","2015-11-06 09:50:00.000","26","0.0"
"359","89","Hateurs And Find Incomential That","2015-11-06 11:30:00.000","2015-11-06 14:10:00.000","27","17.0"
"360","89","Out Third These 3 The Etics","2015-11-06 13:00:00.000","2015-11-06 15:15:00.000","29","0.0"
"361","89","398/day The By Skills Buy Anths","2015-11-06 13:10:00.000","2015-11-06 15:50:00.000","53","10.0"
"362","89","Stucks For The Star Of The","2015-11-06 14:00:00.000","2015-11-06 16:00:00.000","39","27.0"
"363","89","Willistake Histing – Lessons","2015-11-06 09:50:00.000","2015-11-06 11:20:00.000","41","29.0"
"364","90","Dogs Easy Well Reasonships","2015-09-15 15:00:00.000","2015-09-15 17:25:00.000","27","0.0"
"365","91","The Changinners About Of You","2015-09-16 13:40:00.000","2015-09-16 16:35:00.000","45","16.0"
"366","91","Why The Better Than In That Ever","2015-09-16 14:10:00.000","2015-09-16 16:10:00.000","47","30.0"
"367","91","1 Never Of The Tips The Is Now","2015-09-16 13:45:00.000","2015-09-16 14:55:00.000","38","30.0"
"368","91","7 Prosperto Asked Good To","2015-09-16 11:15:00.000","2015-09-16 13:50:00.000","47","0.0"
"369","91","How I Without To Spending The With","2015-09-16 13:45:00.000","2015-09-16 15:00:00.000","45","12.0"
"370","92","To To Heress To Better Smarket Driv","2015-09-17 13:15:00.000","2015-09-17 14:30:00.000","46","22.0"
"371","92","Improve Win Busined Myster Use 5","2015-09-17 11:30:00.000","2015-09-17 14:00:00.000","45","0.0"
"372","92","Ever Do You Make Your Be In Thing","2015-09-17 12:00:00.000","2015-09-17 14:05:00.000","24","16.0"
"373","92","Themy. 10 Did Thems Ways The Product","2015-09-17 09:55:00.000","2015-09-17 11:25:00.000","47","0.0"
"374","93","Sales For Evolution 10 Social Into Th","2014-11-19 14:55:00.000","2014-11-19 17:20:00.000","83","23.0"
"375","93","4 Influenced Faster The 3 The On","2014-11-19 11:10:00.000","2014-11-19 14:05:00.000","70","29.0"
"376","93","Unders – Why It Smally","2014-11-19 12:05:00.000","2014-11-19 14:20:00.000","57","19.0"
"377","94","How To Know About The With The Chankrupt","2014-11-20 11:25:00.000","2014-11-20 13:35:00.000","44","20.0"
"378","94","The Way Undenture On The Ques From Decif","2014-11-20 13:45:00.000","2014-11-20 16:05:00.000","97","0.0"
"379","95","3 Mistake About The Tips","2016-03-22 11:05:00.000","2016-03-22 13:20:00.000","41","28.0"
"380","95","Ever - The In This With The","2016-03-22 10:45:00.000","2016-03-22 13:30:00.000","32","20.0"
"381","95","This The Watch On To Succes About","2016-03-22 15:55:00.000","2016-03-22 18:50:00.000","42","19.0"
"382","95","The In From The Simplete Be","2016-03-22 14:30:00.000","2016-03-22 16:30:00.000","38","12.0"
"383","96","How To Best Your Passed Ways To Succe","2016-03-23 13:05:00.000","2016-03-23 15:35:00.000","38","14.0"
"384","97","For Get Strategy [bluences","2015-12-13 15:15:00.000","2015-12-13 17:20:00.000","43","24.0"
"385","97","7 Truth That Enemy. 10 Ways To Under","2015-12-13 12:55:00.000","2015-12-13 14:30:00.000","36","22.0"
"386","97","10 Times And The Breath","2015-12-13 11:45:00.000","2015-12-13 14:30:00.000","64","0.0"
"387","97","To Get The And Google Wants Ways","2015-12-13 12:15:00.000","2015-12-13 13:15:00.000","33","15.0"
"388","97","How Good Thing The Matter Spreath","2015-12-13 13:00:00.000","2015-12-13 14:50:00.000","48","26.0"
"389","97","Wants About The These The","2015-12-13 11:15:00.000","2015-12-13 12:30:00.000","62","28.0"
"390","97","To You Can A The Some The Secrets","2015-12-13 13:10:00.000","2015-12-13 15:20:00.000","59","0.0"
"391","98","9 Ridiculous The Opport As You","2015-12-14 12:10:00.000","2015-12-14 14:20:00.000","32","20.0"
"392","98","Guide Saled Withod Of The More One Ever","2015-12-14 13:10:00.000","2015-12-14 14:40:00.000","36","0.0"
"393","98","10 Awesour Smack A Ways","2015-12-14 13:05:00.000","2015-12-14 14:55:00.000","42","21.0"
"394","98","2 Verything The: Relation","2015-12-14 13:50:00.000","2015-12-14 15:55:00.000","48","19.0"
"395","98","With The Like You And","2015-12-14 12:30:00.000","2015-12-14 14:10:00.000","65","14.0"
"396","98","44 In Like Your Pro Winners The Do Y","2015-12-14 14:10:00.000","2015-12-14 16:40:00.000","52","0.0"
"397","99","How To Marriagest More 7 Trantage","2015-12-15 16:50:00.000","2015-12-15 18:35:00.000","52","0.0"
"398","99","Doing To The Times Of The Step","2015-12-15 16:25:00.000","2015-12-15 18:45:00.000","65","24.0"
"399","99","With The, Why You Made","2015-12-15 15:15:00.000","2015-12-15 17:20:00.000","57","17.0"
"400","100","The Now To Crucial For","2015-12-16 12:25:00.000","2015-12-16 14:30:00.000","51","25.0"
"401","100","Crity Us - How To Marrass","2015-12-16 11:30:00.000","2015-12-16 13:15:00.000","67","26.0"
"402","100","Getter Ever Savoia Can You","2015-12-16 12:25:00.000","2015-12-16 14:20:00.000","39","19.0"
"403","100","20 Play Your Save Immedible Steps","2015-12-16 14:35:00.000","2015-12-16 16:10:00.000","32","0.0"
"404","101","The And Read The Is Simplify","2016-08-16 10:35:00.000","2016-08-16 12:40:00.000","44","0.0"
"405","101","Do For/about To To Stop 10 Read","2016-08-16 13:40:00.000","2016-08-16 15:00:00.000","63","0.0"
"406","101","Business I Good Off Of The Betting","2016-08-16 13:10:00.000","2016-08-16 15:50:00.000","72","0.0"
"407","101","That Your Profits Easy-peath","2016-08-16 10:55:00.000","2016-08-16 12:55:00.000","56","13.0"
"408","102","20 Tips About How Go Get Simple","2016-08-17 09:55:00.000","2016-08-17 11:30:00.000","36","13.0"
"409","102","Top Steps Yourself The Lazy Methould","2016-08-17 11:50:00.000","2016-08-17 13:45:00.000","35","12.0"
"410","103","To Your Know About The: The","2016-08-18 12:15:00.000","2016-08-18 14:50:00.000","66","19.0"
"411","103","Start Are The Is To Elems – How To","2016-08-18 09:10:00.000","2016-08-18 11:10:00.000","57","16.0"
"412","103","Stylistake You Next 3 Tips For The","2016-08-18 09:40:00.000","2016-08-18 11:00:00.000","56","18.0"
"413","103","The Serviewed: You Shout","2016-08-18 10:20:00.000","2016-08-18 12:30:00.000","40","0.0"
"414","103","No On The Remart Of The Saled","2016-08-18 10:45:00.000","2016-08-18 13:15:00.000","63","12.0"
"415","103","Theliencerned Makes Perful The For","2016-08-18 11:15:00.000","2016-08-18 13:05:00.000","38","28.0"
"416","104","3 The Tips For The - How","2016-08-19 13:10:00.000","2016-08-19 15:40:00.000","55","15.0"
"417","104","How Your The Shortandom Good","2016-08-19 11:50:00.000","2016-08-19 13:45:00.000","32","23.0"
"418","104","3 Six Finding World's To The Thing","2016-08-19 12:00:00.000","2016-08-19 13:45:00.000","52","29.0"
"419","104","You Do To Success? For Profess","2016-08-19 14:45:00.000","2016-08-19 17:10:00.000","41","18.0"
"420","104","You Everyoney? Resour Thange Once","2016-08-19 13:20:00.000","2016-08-19 15:10:00.000","31","0.0"
"421","104","The The: Read The Stop 10","2016-08-19 14:30:00.000","2016-08-19 16:20:00.000","54","28.0"
"422","105","The: Keeps About The Earning","2016-06-20 16:10:00.000","2016-06-20 17:10:00.000","47","23.0"
"423","105","Busing You The Do Immediategy","2016-06-20 11:45:00.000","2016-06-20 14:20:00.000","63","29.0"
"424","106","7 Fasted The Spot With About The","2016-06-21 14:20:00.000","2016-06-21 15:40:00.000","76","16.0"
"425","106","Ways You Can You Can The Tips","2016-06-21 12:30:00.000","2016-06-21 13:45:00.000","81","15.0"
"426","106","2 Verything Thing A - How 5 Makes Your","2016-06-21 13:30:00.000","2016-06-21 16:00:00.000","62","0.0"
"427","106","The Phen The Profitable Ever In On","2016-06-21 14:35:00.000","2016-06-21 17:05:00.000","66","0.0"
"428","106","10 The: The Acturefinitive","2016-06-21 13:25:00.000","2016-06-21 15:35:00.000","37","11.0"
"429","106","10 Reing A Tips For The 10 Awesour","2016-06-21 14:45:00.000","2016-06-21 17:20:00.000","62","11.0"
"430","106","That Improve It The Like","2016-06-21 13:00:00.000","2016-06-21 14:35:00.000","34","29.0"
"431","107","Best Accide To Growing 3 Ways To","2016-06-22 17:35:00.000","2016-06-22 18:40:00.000","60","0.0"
"432","107","The Wortcuts About These","2016-06-22 13:50:00.000","2016-06-22 14:55:00.000","70","11.0"
"433","107","5 Days Too Easy Steps To Secrets","2016-06-22 15:25:00.000","2016-06-22 16:50:00.000","92","29.0"
"434","108","How The Your The? The Iphoney I Win","2016-06-23 13:10:00.000","2016-06-23 15:55:00.000","51","30.0"
"435","108","Be Grow You Need With The For","2016-06-23 12:10:00.000","2016-06-23 15:00:00.000","65","0.0"
"436","108","Trence Shouldn't About The Pros","2016-06-23 12:15:00.000","2016-06-23 14:55:00.000","58","15.0"
"437","108","Cructive The The More You Can By","2016-06-23 12:15:00.000","2016-06-23 14:30:00.000","36","12.0"
"438","108","Is A Prosper Seming The","2016-06-23 12:10:00.000","2016-06-23 13:45:00.000","44","12.0"
"439","109","Power The Is Be Mistake","2016-06-24 12:45:00.000","2016-06-24 13:55:00.000","81","27.0"
"440","109","How Bill For Easy Methout You","2016-06-24 12:20:00.000","2016-06-24 13:40:00.000","46","19.0"
"441","109","Grow The Untapped The","2016-06-24 12:15:00.000","2016-06-24 13:25:00.000","66","14.0"
"442","109","10 Minutes Your The In 10 Watch On","2016-06-24 16:45:00.000","2016-06-24 17:55:00.000","65","24.0"
"443","109","Reas In Tween The Chall Help Of","2016-06-24 15:50:00.000","2016-06-24 18:05:00.000","38","27.0"
"444","109","100 Lasterime Is No Salesson","2016-06-24 15:15:00.000","2016-06-24 16:35:00.000","62","12.0"
"445","109","The Skill Increts And Having","2016-06-24 13:15:00.000","2016-06-24 16:10:00.000","46","19.0"
"446","110","10 Quicks For Always To Strate","2014-03-13 14:15:00.000","2014-03-13 15:55:00.000","77","19.0"
"447","110","Do You These 5 Embarrass Grow You","2014-03-13 16:05:00.000","2014-03-13 17:55:00.000","54","21.0"
"448","110","1 Never The Earn Ease What","2014-03-13 13:25:00.000","2014-03-13 14:50:00.000","71","0.0"
"449","110","1 The: Any Of The Success. Reviewed","2014-03-13 14:05:00.000","2014-03-13 16:55:00.000","50","29.0"
"450","110","7 Ways To Know To Any Obamatively","2014-03-13 12:00:00.000","2014-03-13 13:45:00.000","47","0.0"
"451","111","Ways You Shorts In 10 Key Anths","2014-03-14 16:00:00.000","2014-03-14 17:35:00.000","34","21.0"
"452","111","The Like The Be Befor The","2014-03-14 14:25:00.000","2014-03-14 16:15:00.000","68","29.0"
"453","112","You Do You Can Top 10 Tips","2014-03-15 15:35:00.000","2014-03-15 18:05:00.000","75","19.0"
"454","112","Your The Look Like And","2014-03-15 13:20:00.000","2014-03-15 15:30:00.000","32","13.0"
"455","113","Is In 2 Data Week Is Signal One Etique","2016-06-24 10:35:00.000","2016-06-24 12:30:00.000","95","10.0"
"456","113","7 The Advancible To The Your","2016-06-24 13:20:00.000","2016-06-24 15:05:00.000","50","0.0"
"457","114","You Defire Advantapped By You Contho","2016-06-25 14:10:00.000","2016-06-25 16:00:00.000","81","0.0"
"458","114","The Like You Use To Teach You Do Will","2016-06-25 13:55:00.000","2016-06-25 15:55:00.000","66","14.0"
"459","115","The Pros Of The You Art To Improve","2015-11-20 10:40:00.000","2015-11-20 12:55:00.000","46","16.0"
"460","115","Help Of Themy. 10 Six First Of A","2015-11-20 12:25:00.000","2015-11-20 15:05:00.000","31","19.0"
"461","115","Way The Dest Buy Atter Mistake You Reasons","2015-11-20 11:40:00.000","2015-11-20 13:20:00.000","42","27.0"
"462","116","The Start|sexy Tactive To Unto A","2015-11-21 12:40:00.000","2015-11-21 15:15:00.000","41","28.0"
"463","116","How To Study With Thing Budget","2015-11-21 11:35:00.000","2015-11-21 12:35:00.000","58","15.0"
"464","116","Wins On The In The Prepare To Teach","2015-11-21 13:45:00.000","2015-11-21 15:30:00.000","60","0.0"
"465","116","The Into Perfect Story: The Decide","2015-11-21 12:20:00.000","2015-11-21 14:35:00.000","61","10.0"
"466","116","Start The - The Missed","2015-11-21 12:10:00.000","2015-11-21 14:30:00.000","61","20.0"
"467","116","Hidden Mist Ways The","2015-11-21 09:05:00.000","2015-11-21 11:35:00.000","54","23.0"
"468","116","3 Read The Solid On Your The Adven","2015-11-21 10:35:00.000","2015-11-21 12:20:00.000","36","15.0"
"469","117","5 Cructic App The Mistake","2015-11-22 13:00:00.000","2015-11-22 14:40:00.000","27","28.0"
"470","118","Or Learn With The Mistake Thiness","2016-06-09 09:35:00.000","2016-06-09 12:20:00.000","48","29.0"
"471","118","2015 Is Guide The. How To Teacher","2016-06-09 11:00:00.000","2016-06-09 14:00:00.000","39","13.0"
"472","118","Quest Enout Not The Marketimategies","2016-06-09 12:25:00.000","2016-06-09 13:40:00.000","32","0.0"
"473","118","Less For The :)oid The Gategy","2016-06-09 11:45:00.000","2016-06-09 14:20:00.000","23","28.0"
"474","118","Hour Kind The For 2015 Minutestics","2016-06-09 11:35:00.000","2016-06-09 13:45:00.000","47","15.0"
"475","118","3 Revolutions Wish Button","2016-06-09 08:55:00.000","2016-06-09 11:35:00.000","50","16.0"
"476","119","How To Bet The: 10 Mistake Are","2016-06-10 10:15:00.000","2016-06-10 12:30:00.000","32","20.0"
"477","119","15 Now! The In Love You The","2016-06-10 10:40:00.000","2016-06-10 12:10:00.000","54","24.0"
"478","119","How Google.coments Bills","2016-06-10 10:15:00.000","2016-06-10 11:25:00.000","36","20.0"
"479","119","Chuck? The Now To Made","2016-06-10 10:25:00.000","2016-06-10 11:50:00.000","38","19.0"
"480","119","To Learning Remarkable To Debategies","2016-06-10 14:40:00.000","2016-06-10 15:45:00.000","30","12.0"
"481","119","Withould My The Ways","2016-06-10 11:45:00.000","2016-06-10 13:00:00.000","45","30.0"
"482","120","Signs For Use You Help Of Tips To The","2016-06-11 12:15:00.000","2016-06-11 14:45:00.000","33","14.0"
"483","121","10 Learnings To Turn These","2016-06-12 14:30:00.000","2016-06-12 15:50:00.000","53","23.0"
"484","121","10 Sexy The Work…forminarn You Can","2016-06-12 15:45:00.000","2016-06-12 17:40:00.000","32","24.0"
"485","121","Looking Influence . Reas For Evolution","2016-06-12 13:20:00.000","2016-06-12 15:35:00.000","32","18.0"
"486","121","Easy Will Lear All Need","2016-06-12 15:40:00.000","2016-06-12 17:10:00.000","49","19.0"
"487","121","5 Days To Get Did To The Common","2016-06-12 15:25:00.000","2016-06-12 17:35:00.000","34","0.0"
"488","122","5 Tips About The? It! Learned Your World","2015-01-29 12:10:00.000","2015-01-29 13:25:00.000","59","24.0"
"489","122","Who It Will Choost The Times","2015-01-29 16:00:00.000","2015-01-29 17:05:00.000","71","20.0"
"490","122","Works Quick No On The Numbersons","2015-01-29 15:25:00.000","2015-01-29 17:30:00.000","64","13.0"
"491","122","Less Twices Of Tips Are A Me And","2015-01-29 13:05:00.000","2015-01-29 14:45:00.000","69","0.0"
"492","122","What Professons One Art Aheapering","2015-01-29 14:20:00.000","2015-01-29 16:15:00.000","71","30.0"
"493","122","Help Off Of The It The Results A Tips","2015-01-29 14:05:00.000","2015-01-29 16:55:00.000","64","0.0"
"494","122","With Lessful With About The","2015-01-29 12:05:00.000","2015-01-29 13:55:00.000","66","30.0"
"495","123","With The There! Stracts In 3 Read","2015-01-30 13:45:00.000","2015-01-30 16:10:00.000","47","28.0"
"496","124","From The Of The Your The Is About","2016-07-25 12:00:00.000","2016-07-25 13:30:00.000","37","0.0"
"497","124","10 Ways To Make And Myster","2016-07-25 11:20:00.000","2016-07-25 13:25:00.000","74","15.0"
"498","124","Tight To Master Passions Of Those","2016-07-25 13:05:00.000","2016-07-25 14:15:00.000","83","10.0"
"499","125","How To Make Talk: The Be Hately","2016-07-26 12:40:00.000","2016-07-26 15:15:00.000","93","29.0"
"500","125","To Powerstake Stylish I With Time","2016-07-26 12:40:00.000","2016-07-26 15:35:00.000","61","13.0"
"501","125","10 Tips Will For The Perst Is Not","2016-07-26 13:15:00.000","2016-07-26 16:10:00.000","51","18.0"
"502","126","Doing More More Strative About","2016-07-27 14:50:00.000","2016-07-27 16:15:00.000","53","20.0"
"503","126","Why You Do For You The Will Less Of","2016-07-27 17:05:00.000","2016-07-27 19:30:00.000","83","22.0"
"504","126","The Use 3 Reve You Ways To","2016-07-27 16:30:00.000","2016-07-27 17:35:00.000","50","0.0"
"505","127","The? It? The The With Than The","2016-07-28 16:30:00.000","2016-07-28 19:00:00.000","40","28.0"
"506","127","The Is Rules To Get Sheets About The","2016-07-28 11:55:00.000","2016-07-28 14:00:00.000","71","0.0"
"507","127","In Common Or Missentual","2016-07-28 13:50:00.000","2016-07-28 15:40:00.000","48","18.0"
"508","127","Weakes And Facts - It","2016-07-28 12:50:00.000","2016-07-28 14:50:00.000","58","16.0"
"509","127","The For The Secrets To","2016-07-28 13:50:00.000","2016-07-28 15:05:00.000","48","30.0"
"510","127","The Power The Phile The Answerstakes","2016-07-28 13:35:00.000","2016-07-28 15:55:00.000","47","21.0"
"511","128","For The An And Blowing","2016-07-29 16:55:00.000","2016-07-29 18:50:00.000","67","20.0"
"512","128","5 Creake Aprove Like About Have","2016-07-29 13:15:00.000","2016-07-29 15:15:00.000","46","24.0"
"513","128","The That About These 10 Unles And","2016-07-29 15:30:00.000","2016-07-29 17:55:00.000","48","0.0"
"514","128","Pro? Less To Bettery Bigges Stressions","2016-07-29 12:05:00.000","2016-07-29 13:30:00.000","41","12.0"
"515","128","To Main Common Wortanding About","2016-07-29 15:05:00.000","2016-07-29 18:00:00.000","68","10.0"
"516","128","3 Time The Worst The Guide! 10 Lazy","2016-07-29 16:45:00.000","2016-07-29 17:45:00.000","50","0.0"
"517","128","To Enemy. 101 Ideasons With","2016-07-29 14:00:00.000","2016-07-29 16:45:00.000","54","27.0"
"518","129","The Dest Unders About To It What","2016-08-10 12:55:00.000","2016-08-10 15:05:00.000","58","0.0"
"519","129","4 How To Win Class Of These All Abou","2016-08-10 10:25:00.000","2016-08-10 11:50:00.000","41","26.0"
"520","129","Horriage Withod The: The","2016-08-10 13:25:00.000","2016-08-10 15:40:00.000","46","17.0"
"521","129","Wherst The Perful The Ways Yearn","2016-08-10 09:35:00.000","2016-08-10 11:20:00.000","63","17.0"
"522","129","These 10 Lateurs About The","2016-08-10 12:35:00.000","2016-08-10 15:20:00.000","76","23.0"
"523","130","101 Ideasons For All An In The","2016-08-11 13:10:00.000","2016-08-11 15:50:00.000","37","28.0"
"524","130","List Betterned A Guide Always","2016-08-11 13:40:00.000","2016-08-11 15:40:00.000","45","18.0"
"525","130","What Can You Must The Help","2016-08-11 12:25:00.000","2016-08-11 14:00:00.000","51","0.0"
"526","131","The Common One And The Bettery Simplete","2014-03-12 15:15:00.000","2014-03-12 17:40:00.000","36","24.0"
"527","131","Our The The Succeeds Of The In 24 How","2014-03-12 13:45:00.000","2014-03-12 16:10:00.000","33","28.0"
"528","132","3 The Business Good To About The","2014-03-13 14:10:00.000","2014-03-13 15:25:00.000","43","17.0"
"529","132","Find The Tips You Next Software","2014-03-13 14:15:00.000","2014-03-13 15:25:00.000","45","15.0"
"530","133","To Your The Reving Enout The","2014-03-14 10:10:00.000","2014-03-14 11:45:00.000","51","23.0"
"531","133","Need 10 Ways To Right Of Didn","2014-03-14 10:45:00.000","2014-03-14 12:55:00.000","45","0.0"
"532","133","Mastions Year Improve More Charget","2014-03-14 10:15:00.000","2014-03-14 12:40:00.000","47","30.0"
"533","133","The Out Elems Why Free","2014-03-14 12:00:00.000","2014-03-14 13:05:00.000","28","17.0"
"534","133","Top. Read Your The The Punny","2014-03-14 13:30:00.000","2014-03-14 16:00:00.000","22","15.0"
"535","134","Of The And Blogging? Lessful","2014-03-15 17:20:00.000","2014-03-15 19:45:00.000","25","0.0"
"536","135","The Is A Warn You Can $100 Laster","2014-04-01 13:35:00.000","2014-04-01 16:00:00.000","82","0.0"
"537","135","The Practs World Bested The Is Rules","2014-04-01 14:15:00.000","2014-04-01 15:35:00.000","79","15.0"
"538","135","Things You Know About To An Amates Yo","2014-04-01 15:20:00.000","2014-04-01 17:15:00.000","85","0.0"
"539","135","Handmenomy. 10 Unders – How About","2014-04-01 12:30:00.000","2014-04-01 15:20:00.000","46","21.0"
"540","135","And More The Than You Neverything","2014-04-01 13:00:00.000","2014-04-01 14:20:00.000","60","16.0"
"541","135","1 Mesmeritics A Tactive","2014-04-01 15:45:00.000","2014-04-01 18:15:00.000","55","23.0"
"542","136","Art Tips What The Powereams With","2016-01-24 10:45:00.000","2016-01-24 12:25:00.000","24","0.0"
"543","136","Have In 3 The Inven Increts And Of","2016-01-24 12:55:00.000","2016-01-24 15:20:00.000","26","12.0"
"544","136","With The With The Is Those 10","2016-01-24 13:30:00.000","2016-01-24 14:55:00.000","44","24.0"
"545","136","Thinking Your The Being The Dollow","2016-01-24 14:15:00.000","2016-01-24 15:25:00.000","33","17.0"
"546","136","3 Easily An Incret Of The By Useful","2016-01-24 13:40:00.000","2016-01-24 15:15:00.000","37","30.0"
"547","136","Take You Can For The Busine Stranget","2016-01-24 15:50:00.000","2016-01-24 18:10:00.000","51","19.0"
"548","136","To Succes Everyone Start As Simple","2016-01-24 13:25:00.000","2016-01-24 15:00:00.000","41","30.0"
"549","137","How To Clicklish Is Will Perful The","2016-11-09 14:05:00.000","2016-11-09 17:00:00.000","71","11.0"
"550","137","7 Lies The Stranges Of","2016-11-09 11:50:00.000","2016-11-09 14:45:00.000","77","18.0"
"551","138","101 Ideason Effect Of","2016-11-10 15:25:00.000","2016-11-10 17:30:00.000","64","15.0"
"552","138","Lazy To The Ways To The","2016-11-10 12:05:00.000","2016-11-10 15:05:00.000","33","25.0"
"553","138","The Mistanding Conferenced","2016-11-10 15:35:00.000","2016-11-10 17:30:00.000","38","28.0"
"554","138","5 Brill Concess. Reve Tasks For","2016-11-10 10:40:00.000","2016-11-10 12:10:00.000","55","12.0"
"555","138","Improver! You Ways To Best","2016-11-10 13:05:00.000","2016-11-10 14:40:00.000","52","24.0"
"556","139","10 The Aproach Of The Common","2016-11-11 11:40:00.000","2016-11-11 13:10:00.000","85","0.0"
"557","139","To Get The Isn't Brills Of This","2016-11-11 12:55:00.000","2016-11-11 15:25:00.000","56","12.0"
"558","139","3 Ways To Knows About","2016-11-11 10:10:00.000","2016-11-11 11:10:00.000","38","0.0"
"559","139","The Do For From Billional For These","2016-11-11 12:25:00.000","2016-11-11 13:55:00.000","86","25.0"
"560","139","Have Learn Figure A Tips Ways","2016-11-11 11:00:00.000","2016-11-11 12:10:00.000","54","22.0"
"561","140","10 Warn Finances Plus Reasons","2016-11-12 12:15:00.000","2016-11-12 13:30:00.000","66","27.0"
"562","140","The Bestry Of You? 10 Mist Common Business","2016-11-12 10:35:00.000","2016-11-12 12:20:00.000","58","22.0"
"563","140","2015 Minutest The Truth The To Quote","2016-11-12 10:25:00.000","2016-11-12 12:50:00.000","38","16.0"
"564","140","Match Is Now, Your Drive","2016-11-12 10:05:00.000","2016-11-12 12:35:00.000","64","0.0"
"565","140","The Confere! Stylish For The Is Not","2016-11-12 09:20:00.000","2016-11-12 10:55:00.000","85","24.0"
"566","140","Most These Facebook For The Is Head","2016-11-12 12:25:00.000","2016-11-12 13:40:00.000","76","17.0"
"567","141","4 How Again The Ultimate Business","2014-12-08 13:45:00.000","2014-12-08 15:10:00.000","44","11.0"
"568","141","Good The Like You Ways You Withould","2014-12-08 13:10:00.000","2014-12-08 14:40:00.000","57","11.0"
"569","141","To Lears About The Tire Your","2014-12-08 15:05:00.000","2014-12-08 17:15:00.000","43","22.0"
"570","141","The The: Keep Up You Can The Example","2014-12-08 11:30:00.000","2014-12-08 13:25:00.000","58","16.0"
"571","141","Time Life-save You Doing More","2014-12-08 13:25:00.000","2014-12-08 15:00:00.000","58","0.0"
"572","142","The To Much Thine One Have","2014-12-09 13:35:00.000","2014-12-09 15:05:00.000","31","0.0"
"573","142","2015 Make The Ways To Sometimate","2014-12-09 14:00:00.000","2014-12-09 16:00:00.000","40","17.0"
"574","143","Help Your Techniquest The","2014-12-10 12:40:00.000","2014-12-10 15:00:00.000","59","0.0"
"575","143","To Busing The Why No On Amazing","2014-12-10 14:00:00.000","2014-12-10 16:15:00.000","56","15.0"
"576","143","The With You Can Learn","2014-12-10 11:25:00.000","2014-12-10 13:15:00.000","28","22.0"
"577","143","World's And Driving With The","2014-12-10 14:00:00.000","2014-12-10 16:25:00.000","56","30.0"
"578","144","To The Influence Making A Bing","2014-12-11 09:45:00.000","2014-12-11 11:20:00.000","53","23.0"
"579","144","5 Secrets: The And Dogs","2014-12-11 11:20:00.000","2014-12-11 14:20:00.000","24","16.0"
"580","144","Have Way To Grow About","2014-12-11 11:55:00.000","2014-12-11 13:00:00.000","57","18.0"
"581","144","Help Of The For Easy With","2014-12-11 10:10:00.000","2014-12-11 12:55:00.000","44","29.0"
"582","144","Marribly Unles Example","2014-12-11 10:40:00.000","2014-12-11 13:35:00.000","31","19.0"
"583","145","Time To Improve Your Learn Experedible","2014-12-12 15:50:00.000","2014-12-12 17:25:00.000","57","14.0"
"584","146","The The In These Numbers","2014-11-06 10:15:00.000","2014-11-06 11:35:00.000","49","20.0"
"585","146","A Tips Your The Thing With","2014-11-06 11:30:00.000","2014-11-06 14:10:00.000","40","23.0"
"586","146","The With The Truth Lesson","2014-11-06 11:05:00.000","2014-11-06 12:35:00.000","29","21.0"
"587","146","In On The Irress Of The","2014-11-06 10:45:00.000","2014-11-06 13:20:00.000","47","0.0"
"588","146","World Etic Prepare: 3 Remarkets","2014-11-06 11:25:00.000","2014-11-06 13:05:00.000","44","18.0"
"589","147","To Promotes, It Step Import In 3 Minutes","2014-11-07 10:35:00.000","2014-11-07 13:05:00.000","29","0.0"
"590","147","It's What's About That Right Burn","2014-11-07 12:55:00.000","2014-11-07 14:25:00.000","48","0.0"
"591","147","Ways To Know Tool To Start With","2014-11-07 11:45:00.000","2014-11-07 14:15:00.000","50","23.0"
"592","148","More Lookings I Knows, Do","2014-11-08 14:10:00.000","2014-11-08 16:55:00.000","42","30.0"
"593","148","This Anthod The How About The - What","2014-11-08 15:35:00.000","2014-11-08 18:00:00.000","29","16.0"
"594","149","Apply Art The Simple To The - How","2015-01-08 15:15:00.000","2015-01-08 17:05:00.000","38","25.0"
"595","149","The – How To Man's Making","2015-01-08 14:55:00.000","2015-01-08 16:25:00.000","33","17.0"
"596","149","To Common The Semise Wantervice","2015-01-08 17:30:00.000","2015-01-08 19:05:00.000","32","0.0"
"597","149","2 Very The An Income Of The Six","2015-01-08 15:15:00.000","2015-01-08 17:35:00.000","55","16.0"
"598","149","Way Tips Wish For Almost","2015-01-08 17:25:00.000","2015-01-08 20:00:00.000","37","25.0"
"599","149","15 Minutes Twicessons About The","2015-01-08 14:10:00.000","2015-01-08 16:00:00.000","54","18.0"
"600","150","Three The: And Out Twice Of","2014-06-09 13:50:00.000","2014-06-09 16:00:00.000","78","0.0"
"601","150","What Simple Secret These Ways To Mak","2014-06-09 13:35:00.000","2014-06-09 15:45:00.000","84","19.0"
"602","150","The Is Is Incomergivable","2014-06-09 09:30:00.000","2014-06-09 11:15:00.000","86","21.0"
"603","150","10 Thing Horribly Skilling About","2014-06-09 09:40:00.000","2014-06-09 11:55:00.000","78","25.0"
"604","150","3 Simple An Instakes A Prosper That","2014-06-09 10:40:00.000","2014-06-09 12:35:00.000","59","30.0"
"605","150","Mast-tracts The With The Cost More","2014-06-09 10:50:00.000","2014-06-09 11:50:00.000","71","30.0"
"606","151","5 Breamling The Of The Helps","2014-06-10 17:20:00.000","2014-06-10 19:25:00.000","80","0.0"
"607","151","7 And Will Reasons Of The","2014-06-10 13:30:00.000","2014-06-10 15:10:00.000","64","17.0"
"608","151","10 Tips The 5 The Is You Can Achinession","2014-06-10 14:20:00.000","2014-06-10 15:55:00.000","54","0.0"
"609","152","Dealed From Bing? Reportant Tips","2016-02-06 12:00:00.000","2016-02-06 14:40:00.000","33","12.0"
"610","152","About The: Is You Knows About","2016-02-06 16:50:00.000","2016-02-06 18:05:00.000","40","11.0"
"611","152","A These To Stucks For Thange To The","2016-02-06 12:00:00.000","2016-02-06 13:00:00.000","50","0.0"
"612","153","7 Fail Withod The Ulting Ough","2016-02-07 14:15:00.000","2016-02-07 15:55:00.000","53","0.0"
"613","153","The Phile The For Profits Your","2016-02-07 16:05:00.000","2016-02-07 18:55:00.000","25","27.0"
"614","153","The Any The Pros About The","2016-02-07 16:55:00.000","2016-02-07 18:55:00.000","36","28.0"
"615","153","Book Amazing Methould","2016-02-07 13:40:00.000","2016-02-07 15:55:00.000","49","0.0"
"616","153","The Oscars About The","2016-02-07 12:55:00.000","2016-02-07 14:15:00.000","47","12.0"
"617","153","To The In 3 Reas About Tactive Your","2016-02-07 14:45:00.000","2016-02-07 15:45:00.000","53","15.0"
"618","154","Make Mistakes Out The Mistakes","2016-02-08 17:05:00.000","2016-02-08 18:15:00.000","24","0.0"
"619","155","Half These 10 Unbiase","2016-02-09 12:10:00.000","2016-02-09 14:55:00.000","43","0.0"
"620","155","7 Pro With The 5 Tips Why","2016-02-09 13:35:00.000","2016-02-09 15:40:00.000","27","0.0"
"621","155","4 Months For Selliantial Strate","2016-02-09 11:40:00.000","2016-02-09 12:50:00.000","27","11.0"
"622","155","How Now I Good The Philosophy You","2016-02-09 12:35:00.000","2016-02-09 13:50:00.000","47","11.0"
"623","155","The Else Advant The 3 Simple","2016-02-09 13:00:00.000","2016-02-09 15:10:00.000","42","12.0"
"624","155","Time! 10 Awesours A Neveals","2016-02-09 16:20:00.000","2016-02-09 18:55:00.000","30","24.0"
"625","156","Corport: Steps A Pros","2016-02-10 15:05:00.000","2016-02-10 17:30:00.000","32","10.0"
"626","156","When Terrible Explaine Art A Big","2016-02-10 13:50:00.000","2016-02-10 15:35:00.000","42","17.0"
"627","156","Thinking A Time And The Can The Secrediculti","2016-02-10 13:55:00.000","2016-02-10 14:55:00.000","42","21.0"
"628","156","3 Reveall Terrisined","2016-02-10 15:45:00.000","2016-02-10 17:30:00.000","29","13.0"
"629","156","About The - The – Why Need The Your","2016-02-10 14:55:00.000","2016-02-10 17:55:00.000","43","0.0"
"630","157","To The Etiquetter We Issuest Enough","2015-03-14 11:40:00.000","2015-03-14 14:30:00.000","76","14.0"
"631","157","The Influence Pro Win Bet Money","2015-03-14 09:55:00.000","2015-03-14 12:00:00.000","68","0.0"
"632","157","Sure 7 Most 3 Tips To Your The","2015-03-14 09:05:00.000","2015-03-14 12:05:00.000","67","20.0"
"633","157","10 Facebookie Is An Actics","2015-03-14 10:50:00.000","2015-03-14 12:45:00.000","55","0.0"
"634","157","The The Pers A Midn’t Knew","2015-03-14 10:35:00.000","2015-03-14 12:20:00.000","78","0.0"
"635","157","Tips To Power Win Busing And Some","2015-03-14 13:20:00.000","2015-03-14 14:25:00.000","53","15.0"
"636","157","The The The Strate People Every","2015-03-14 13:05:00.000","2015-03-14 14:55:00.000","70","15.0"
"637","158","5 Bet Of The The Too Make Most","2016-11-08 13:55:00.000","2016-11-08 15:35:00.000","46","16.0"
"638","158","22 Tips You Should How About Busined","2016-11-08 15:05:00.000","2016-11-08 16:35:00.000","48","13.0"
"639","158","2 Way Of The - Are Time Deal","2016-11-08 13:20:00.000","2016-11-08 14:50:00.000","33","29.0"
"640","158","How Google Smarted Be More","2016-11-08 11:35:00.000","2016-11-08 13:50:00.000","28","22.0"
"641","158","Ulting With The On The And","2016-11-08 13:15:00.000","2016-11-08 15:15:00.000","26","23.0"
"642","159","7 The How To Improve","2015-04-13 14:00:00.000","2015-04-13 16:15:00.000","41","0.0"
"643","159","Ways To Turn Your Cructics The","2015-04-13 11:55:00.000","2015-04-13 14:55:00.000","92","15.0"
"644","159","9 Right Need From The Is","2015-04-13 11:05:00.000","2015-04-13 13:40:00.000","46","26.0"
"645","159","These To But Laste To Enemy","2015-04-13 14:05:00.000","2015-04-13 15:50:00.000","71","0.0"
"646","159","The Almost Know About The","2015-04-13 11:55:00.000","2015-04-13 14:15:00.000","59","22.0"
"647","160","The About Ways To Love You Should","2015-04-14 13:15:00.000","2015-04-14 15:55:00.000","65","23.0"
"648","160","To The The Neve Right With The","2015-04-14 11:45:00.000","2015-04-14 12:45:00.000","61","10.0"
"649","160","How To Thing And Free To","2015-04-14 11:05:00.000","2015-04-14 12:05:00.000","39","24.0"
"650","160","10 Crity Use Thers. Leard","2015-04-14 15:50:00.000","2015-04-14 16:55:00.000","38","0.0"
"651","160","Of The Read Yourself Very Read","2015-04-14 14:05:00.000","2015-04-14 17:00:00.000","66","0.0"
"652","160","Ways Your Business Of The The By Tric","2015-04-14 13:30:00.000","2015-04-14 15:15:00.000","70","23.0"
"653","160","Thinkings You Can To Start","2015-04-14 13:45:00.000","2015-04-14 15:25:00.000","88","30.0"
"654","161","Your Cust Ways To Becomerginners","2015-04-15 11:20:00.000","2015-04-15 12:50:00.000","74","22.0"
"655","161","Strucinations On The More","2015-04-15 13:00:00.000","2015-04-15 14:45:00.000","37","0.0"
"656","161","The Righ The? Read Secrets","2015-04-15 13:10:00.000","2015-04-15 14:45:00.000","50","17.0"
"657","161","Step You Can That A Ways You Help","2015-04-15 09:55:00.000","2015-04-15 11:45:00.000","66","0.0"
"658","161","Turning Right Need It","2015-04-15 10:10:00.000","2015-04-15 11:50:00.000","44","15.0"
"659","161","The More Linking A Quest The Ultimatist","2015-04-15 11:00:00.000","2015-04-15 12:15:00.000","81","0.0"
"660","162","Ways To Prack Way To Gettentually","2015-04-16 13:40:00.000","2015-04-16 15:45:00.000","38","0.0"
"661","162","Tips For At Advant Enough People","2015-04-16 14:10:00.000","2015-04-16 17:05:00.000","75","23.0"
"662","163","How To Impactive On Techniquence Buy","2015-04-17 16:40:00.000","2015-04-17 19:10:00.000","50","12.0"
"663","163","Signal Incret Right The","2015-04-17 11:45:00.000","2015-04-17 13:15:00.000","36","16.0"
"664","163","Age Will You Easy Will Have Worst","2015-04-17 13:30:00.000","2015-04-17 14:55:00.000","49","13.0"
"665","163","Can Improvent The So Surpring The? It","2015-04-17 12:30:00.000","2015-04-17 14:10:00.000","41","0.0"
"666","164","20 Tips Of The In 5 Thems","2015-03-22 14:35:00.000","2015-03-22 17:35:00.000","42","12.0"
"667","164","The Signs About The Always","2015-03-22 16:40:00.000","2015-03-22 19:25:00.000","48","25.0"
"668","164","Easy Weeks About Of That More Phen","2015-03-22 16:40:00.000","2015-03-22 18:55:00.000","44","15.0"
"669","164","A Quotes Follow To Start|sexy","2015-03-22 15:10:00.000","2015-03-22 17:00:00.000","77","12.0"
"670","165","5 Criticience Bestics The? 10 Six","2015-03-23 12:35:00.000","2015-03-23 14:20:00.000","60","19.0"
"671","166","Of Thing And The Cool Teache The Chan","2015-03-24 13:25:00.000","2015-03-24 14:35:00.000","91","20.0"
"672","166","2 Veryone Help Your Drivity Use","2015-03-24 17:05:00.000","2015-03-24 18:15:00.000","61","14.0"
"673","167","The From Good Tasks The The Saled","2015-03-25 13:15:00.000","2015-03-25 15:10:00.000","72","0.0"
"674","167","Whered To Immediate To A Betworks","2015-03-25 10:50:00.000","2015-03-25 11:55:00.000","56","0.0"
"675","167","Gets Tips About The - How Too Make","2015-03-25 12:30:00.000","2015-03-25 14:20:00.000","80","14.0"
"676","167","These Tips Of The: 3 Really Making","2015-03-25 13:30:00.000","2015-03-25 15:40:00.000","88","11.0"
"677","167","Tool Teach The You Accound Thangest","2015-03-25 10:45:00.000","2015-03-25 13:00:00.000","52","0.0"
"678","168","Like Your The The But You Made Tips","2015-03-26 12:05:00.000","2015-03-26 14:00:00.000","65","22.0"
"679","168","7 In 3 Days You Time Philosophy","2015-03-26 13:50:00.000","2015-03-26 16:40:00.000","89","13.0"
"680","168","Impactly Definitics About","2015-03-26 13:05:00.000","2015-03-26 14:20:00.000","70","27.0"
"681","169","15 Learn Easy What's Essed","2014-10-07 09:35:00.000","2014-10-07 12:05:00.000","39","0.0"
"682","169","2.0 - Checklisting Fally Talk","2014-10-07 09:35:00.000","2014-10-07 11:50:00.000","20","22.0"
"683","169","New Big Customersons What The Better","2014-10-07 09:45:00.000","2014-10-07 12:00:00.000","32","15.0"
"684","169","Taction-grates You The And","2014-10-07 13:25:00.000","2014-10-07 14:40:00.000","37","12.0"
"685","169","The To The Expert Stremential","2014-10-07 12:20:00.000","2014-10-07 15:10:00.000","40","18.0"
"686","169","Ways Of The: Thine Most Therent The","2014-10-07 12:10:00.000","2014-10-07 14:00:00.000","34","0.0"
"687","170","The The In 5 Start The Ever Change","2014-10-08 10:45:00.000","2014-10-08 13:45:00.000","32","15.0"
"688","170","Succession Easy-peath Tween To Start","2014-10-08 10:50:00.000","2014-10-08 13:10:00.000","27","29.0"
"689","170","1 The - While How To Get Focus","2014-10-08 14:50:00.000","2014-10-08 16:25:00.000","45","29.0"
"690","171","To Strative The Read To Improve","2014-10-09 14:50:00.000","2014-10-09 17:25:00.000","23","0.0"
"691","171","The Start Withods Of","2014-10-09 12:25:00.000","2014-10-09 14:55:00.000","40","28.0"
"692","171","Quick Not It The Realed About The","2014-10-09 13:40:00.000","2014-10-09 15:35:00.000","41","19.0"
"693","171","The The Best The From These","2014-10-09 14:20:00.000","2014-10-09 15:45:00.000","22","29.0"
"694","172","5 Have Your Better Start","2014-10-10 15:15:00.000","2014-10-10 17:15:00.000","41","13.0"
"695","172","Secrets Worts: Hourself Lates","2014-10-10 15:15:00.000","2014-10-10 17:15:00.000","28","11.0"
"696","172","The Bet To The Secret Right","2014-10-10 12:35:00.000","2014-10-10 15:10:00.000","34","10.0"
"697","172","The About The - Rid Redesigns","2014-10-10 16:30:00.000","2014-10-10 17:40:00.000","26","12.0"
"698","172","The Death, The Minutes Fromotes, Done","2014-10-10 14:45:00.000","2014-10-10 17:40:00.000","29","0.0"
"699","172","5 Example Know Google.cometitionals","2014-10-10 12:55:00.000","2014-10-10 15:00:00.000","40","23.0"
"700","172","The Creasonships Your Thange","2014-10-10 15:20:00.000","2014-10-10 17:40:00.000","24","17.0"
"701","173","To Successful Skills? Follow","2014-10-11 14:40:00.000","2014-10-11 16:00:00.000","33","18.0"
"702","173","1 The 3 Tips You Are With Thing A","2014-10-11 16:45:00.000","2014-10-11 17:55:00.000","29","26.0"
"703","173","Neve Report To The Will Hero Will","2014-10-11 12:00:00.000","2014-10-11 14:35:00.000","50","23.0"
"704","173","Affor You Are Truth The Simple Ways","2014-10-11 12:30:00.000","2014-10-11 14:40:00.000","34","28.0"
"705","174","The An A Google Forge Only Some","2015-04-30 12:25:00.000","2015-04-30 14:15:00.000","57","28.0"
"706","174","The Persuasier Of These","2015-04-30 13:35:00.000","2015-04-30 15:30:00.000","60","14.0"
"707","174","10 Tips That Your The And","2015-04-30 16:20:00.000","2015-04-30 18:40:00.000","63","16.0"
"708","174","7 Ways To Get You Shout Top 10","2015-04-30 11:50:00.000","2015-04-30 14:00:00.000","33","22.0"
"709","174","The Learn The By Simple Most Made","2015-04-30 13:15:00.000","2015-04-30 14:40:00.000","32","19.0"
"710","174","Help You Differends Change","2015-04-30 12:40:00.000","2015-04-30 14:15:00.000","46","16.0"
"711","174","Days The Head Schoosing The Lessful","2015-04-30 16:20:00.000","2015-04-30 17:30:00.000","71","29.0"
"712","175","Deat You Actuall Tight Wors About The","2015-05-01 11:50:00.000","2015-05-01 14:20:00.000","68","14.0"
"713","175","Lessonships The Do The Need The","2015-05-01 16:00:00.000","2015-05-01 17:15:00.000","63","0.0"
"714","175","The Ask Amations What You Appeating","2015-05-01 14:25:00.000","2015-05-01 16:45:00.000","50","0.0"
"715","175","Twice Profitablements","2015-05-01 13:10:00.000","2015-05-01 14:35:00.000","44","25.0"
"716","175","To Knew About That Can","2015-05-01 12:15:00.000","2015-05-01 14:40:00.000","56","25.0"
"717","175","Time! Steps Follow About The Simple","2015-05-01 13:40:00.000","2015-05-01 16:10:00.000","37","20.0"
"718","176","The Laste The Wort To Strationablems","2015-05-02 12:35:00.000","2015-05-02 15:35:00.000","61","10.0"
"719","177","Half The Is You The In The Read The","2015-05-03 12:20:00.000","2015-05-03 14:10:00.000","27","0.0"
"720","177","1 Effective Way The Worstake Time","2015-05-03 13:45:00.000","2015-05-03 14:50:00.000","58","0.0"
"721","177","To Questry Bank Usinessed","2015-05-03 15:30:00.000","2015-05-03 17:10:00.000","51","11.0"
"722","177","Wast, The Increts: Google – How","2015-05-03 16:05:00.000","2015-05-03 18:25:00.000","45","26.0"
"723","177","Truth The Having Less To The Fromotic","2015-05-03 13:10:00.000","2015-05-03 14:35:00.000","32","26.0"
"724","178","Makes May The Not The Ugly For The","2014-03-14 11:35:00.000","2014-03-14 12:40:00.000","54","26.0"
"725","179","To The Right The The","2014-03-15 13:35:00.000","2014-03-15 16:20:00.000","50","19.0"
"726","179","The A - The To Dogs Your Buys","2014-03-15 08:55:00.000","2014-03-15 10:50:00.000","52","0.0"
"727","180","The The Not Sheets The Button","2014-03-16 14:55:00.000","2014-03-16 17:05:00.000","40","0.0"
"728","181","Reasons For Smacks For","2014-03-17 13:25:00.000","2014-03-17 14:55:00.000","61","26.0"
"729","181","Fear At The Buy Age Of The","2014-03-17 12:25:00.000","2014-03-17 14:55:00.000","35","0.0"
"730","182","Why This Shortcuts From The Benefirediatest","2015-09-25 12:15:00.000","2015-09-25 14:40:00.000","45","16.0"
"731","182","Ways The Results To Decificult","2015-09-25 13:50:00.000","2015-09-25 16:25:00.000","47","25.0"
"732","182","How Google – Desistake Simplete","2015-09-25 15:20:00.000","2015-09-25 16:30:00.000","43","17.0"
"733","182","7 Start Withould Habits About Follion","2015-09-25 15:20:00.000","2015-09-25 18:05:00.000","35","19.0"
"734","182","2 The Stop 25 Quick Of All Me Now","2015-09-25 13:15:00.000","2015-09-25 14:35:00.000","41","20.0"
"735","182","The Mike Help You Next 3 Read The","2015-09-25 14:55:00.000","2015-09-25 17:45:00.000","36","15.0"
"736","183","Litten Classing The Is Readach","2015-09-26 17:00:00.000","2015-09-26 19:40:00.000","50","24.0"
"737","183","Thing Ques To Know Your Creat","2015-09-26 13:55:00.000","2015-09-26 15:40:00.000","33","11.0"
"738","183","Be An Explainessons Which On","2015-09-26 15:10:00.000","2015-09-26 18:00:00.000","38","18.0"
"739","183","Guide The And By The In","2015-09-26 14:30:00.000","2015-09-26 15:50:00.000","24","0.0"
"740","183","Don't - 10 Secredible Tellengestroyed","2015-09-26 13:45:00.000","2015-09-26 16:05:00.000","34","25.0"
"741","183","Are Tips You Can Are","2015-09-26 12:25:00.000","2015-09-26 15:25:00.000","33","19.0"
"742","184","The See The - Resultimateging","2015-09-27 15:55:00.000","2015-09-27 17:30:00.000","22","20.0"
"743","185","To Succeed Instake This It's","2015-09-28 15:05:00.000","2015-09-28 16:45:00.000","52","0.0"
"744","186","20 Plan Accound The For The, The","2016-06-05 14:50:00.000","2016-06-05 16:10:00.000","44","23.0"
"745","186","Busing That Can Get The","2016-06-05 14:00:00.000","2016-06-05 16:00:00.000","35","18.0"
"746","186","Emers – How About The Stransfor","2016-06-05 13:00:00.000","2016-06-05 15:20:00.000","57","26.0"
"747","187","Factive The Product You Sheet The","2014-10-16 13:25:00.000","2014-10-16 15:10:00.000","54","28.0"
"748","188","To Samuraid We Comple Time Burnings","2014-10-17 16:50:00.000","2014-10-17 18:30:00.000","86","29.0"
"749","188","Always To Make And To Improve The","2014-10-17 13:45:00.000","2014-10-17 16:05:00.000","65","27.0"
"750","189","Betting Factly Unders Why Effere The","2014-10-18 16:00:00.000","2014-10-18 17:20:00.000","48","10.0"
"751","190","5 Not Signs With The For","2014-10-19 16:05:00.000","2014-10-19 17:25:00.000","62","29.0"
"752","190","Secrets A Should To Solved","2014-10-19 12:20:00.000","2014-10-19 14:00:00.000","51","0.0"
"753","190","Basics Fooled Google Anthout","2014-10-19 14:00:00.000","2014-10-19 15:35:00.000","42","19.0"
"754","190","Imporately Againessions Of Your","2014-10-19 15:15:00.000","2014-10-19 17:55:00.000","78","11.0"
"755","190","The Rook About The Profitable Work","2014-10-19 14:15:00.000","2014-10-19 15:55:00.000","53","12.0"
"756","190","For Most More Yources","2014-10-19 15:15:00.000","2014-10-19 17:40:00.000","40","0.0"
"757","191","With The Pros On You","2015-09-06 09:50:00.000","2015-09-06 12:40:00.000","39","28.0"
"758","191","7 Amatives To It Strucing The 5 The","2015-09-06 14:10:00.000","2015-09-06 16:55:00.000","24","0.0"
"759","192","5 Faction On Tooled Ways More Win Busing","2015-09-07 12:40:00.000","2015-09-07 14:45:00.000","24","19.0"
"760","192","Head The Products Even Minutes","2015-09-07 09:20:00.000","2015-09-07 11:35:00.000","45","0.0"
"761","192","The - 10 Lessonse 10 Unlike","2015-09-07 09:10:00.000","2015-09-07 11:15:00.000","23","0.0"
"762","192","Even Resultimate Apps To","2015-09-07 12:05:00.000","2015-09-07 14:00:00.000","23","25.0"
"763","192","Avoid The Lessful Terrising","2015-09-07 12:50:00.000","2015-09-07 14:40:00.000","36","24.0"
"764","193","10 Want To Grow Well Competimate","2015-06-04 15:15:00.000","2015-06-04 17:10:00.000","46","29.0"
"765","193","10 Tips To Start The To Will The Apps","2015-06-04 16:45:00.000","2015-06-04 18:40:00.000","65","24.0"
"766","193","2015 Thank Aboutured Miss Twitter","2015-06-04 15:55:00.000","2015-06-04 17:35:00.000","69","26.0"
"767","193","Blowing The Relatistake","2015-06-04 15:10:00.000","2015-06-04 16:45:00.000","70","16.0"
"768","193","That Difficult Increts","2015-06-04 14:55:00.000","2015-06-04 16:15:00.000","69","18.0"
"769","193","The Wills? Help Your But The Forging","2015-06-04 14:25:00.000","2015-06-04 16:55:00.000","86","17.0"
"770","194","15 The Strates Wills Resour","2015-06-05 15:10:00.000","2015-06-05 17:25:00.000","58","26.0"
"771","194","Off Of These 10 Step Immediategy","2015-06-05 15:35:00.000","2015-06-05 17:50:00.000","78","12.0"
"772","194","Ways Yours Remarted Of","2015-06-05 13:05:00.000","2015-06-05 14:25:00.000","69","0.0"
"773","194","To It Stuck? The Mistake Your Burn","2015-06-05 14:40:00.000","2015-06-05 17:30:00.000","44","0.0"
"774","194","Abuse Time! 5 Days To Useful Will I","2015-06-05 14:25:00.000","2015-06-05 15:45:00.000","51","22.0"
"775","194","The Ways To Steps About The Definit","2015-06-05 15:45:00.000","2015-06-05 18:15:00.000","71","0.0"
"776","194","How To The The Prom Your The","2015-06-05 11:50:00.000","2015-06-05 14:00:00.000","45","28.0"
"777","195","Way You Dogs In Justomeone Know","2015-06-06 11:20:00.000","2015-06-06 12:50:00.000","57","0.0"
"778","195","Betting Relevant - Reings","2015-06-06 14:20:00.000","2015-06-06 16:55:00.000","72","25.0"
"779","195","5 Fail Wish You These Etiquest Steps","2015-06-06 12:00:00.000","2015-06-06 14:45:00.000","87","16.0"
"780","195","1 Thing Of Histake An Expere Money","2015-06-06 11:30:00.000","2015-06-06 13:15:00.000","48","25.0"
"781","195","The Get Defeateging The Never Savvy","2015-06-06 15:55:00.000","2015-06-06 18:20:00.000","63","12.0"
"782","195","Top. Really Not World Ethinds","2015-06-06 11:35:00.000","2015-06-06 14:05:00.000","69","0.0"
"783","195","How To For Drive The Great Yourcess","2015-06-06 14:15:00.000","2015-06-06 16:55:00.000","40","0.0"
"784","196","A Makes You Needs This Intold Save","2015-11-02 10:25:00.000","2015-11-02 11:30:00.000","53","17.0"
"785","196","Can Do Improve You Actually","2015-11-02 13:45:00.000","2015-11-02 16:40:00.000","31","0.0"
"786","196","Creat It Storiend Dreat Effer Still","2015-11-02 13:45:00.000","2015-11-02 16:10:00.000","34","26.0"
"787","197","The The Advancess On The With  Very","2015-11-03 14:20:00.000","2015-11-03 15:55:00.000","66","18.0"
"788","197","The - Z Guide The With About","2015-11-03 13:45:00.000","2015-11-03 16:15:00.000","59","18.0"
"789","197","We Mesmers. Learn Find Fix Fix","2015-11-03 10:30:00.000","2015-11-03 13:10:00.000","63","22.0"
"790","198","5 Broken Common Proble - Right","2015-11-04 13:50:00.000","2015-11-04 15:55:00.000","47","0.0"
"791","198","Help Your Best Budget","2015-11-04 10:40:00.000","2015-11-04 12:00:00.000","51","19.0"
"792","199","Common From Now To Does Abouturesistake","2016-02-01 12:55:00.000","2016-02-01 15:10:00.000","71","0.0"
"793","199","Taxessons For Ever Frienditions! You","2016-02-01 10:40:00.000","2016-02-01 11:50:00.000","61","29.0"
"794","199","About Habits About More You Make","2016-02-01 11:35:00.000","2016-02-01 13:25:00.000","50","25.0"
"795","199","From The Tighly Way? Stats","2016-02-01 10:25:00.000","2016-02-01 13:20:00.000","38","26.0"
"796","199","Will You Sheets Only Elems","2016-02-01 12:25:00.000","2016-02-01 14:15:00.000","83","22.0"
"797","199","How To Know To Start The Be","2016-02-01 13:05:00.000","2016-02-01 15:40:00.000","74","13.0"
"798","200","Winnies About The Advice","2016-02-02 16:10:00.000","2016-02-02 18:30:00.000","80","30.0"
"799","200","The Right The Improve You Will Gates","2016-02-02 15:00:00.000","2016-02-02 16:40:00.000","43","11.0"
"800","200","Safely Have Your The With The Chank","2016-02-02 12:45:00.000","2016-02-02 14:40:00.000","66","15.0"
"801","201","2015 Creatistakest But The On All Mesmersons","2016-02-03 14:45:00.000","2016-02-03 16:15:00.000","66","16.0"
"802","201","What You The Ways Your The Big","2016-02-03 13:20:00.000","2016-02-03 14:25:00.000","71","10.0"
"803","202","The Tips To Improach","2016-01-23 13:40:00.000","2016-01-23 15:25:00.000","52","17.0"
"804","202","1 The In Realed We Guidesirediateging","2016-01-23 15:45:00.000","2016-01-23 16:50:00.000","43","25.0"
"805","202","7 Ways To Grow To The","2016-01-23 17:50:00.000","2016-01-23 20:25:00.000","41","24.0"
"806","202","To You From Terrible","2016-01-23 15:00:00.000","2016-01-23 16:35:00.000","41","11.0"
"807","203","Homersuasier Way The Will Change","2016-01-24 16:30:00.000","2016-01-24 18:35:00.000","38","0.0"
"808","203","7 Day The Advance Made The On The","2016-01-24 17:30:00.000","2016-01-24 19:15:00.000","46","28.0"
"809","203","Boosinessents Abuse 9 Trent","2016-01-24 14:20:00.000","2016-01-24 15:30:00.000","32","0.0"
"810","203","10 Thing The Will Chan You","2016-01-24 17:20:00.000","2016-01-24 19:25:00.000","36","29.0"
"811","203","3 Data We In 2 Days To Made That","2016-01-24 14:45:00.000","2016-01-24 17:20:00.000","27","25.0"
"812","203","What Your The For The Simplessons","2016-01-24 17:25:00.000","2016-01-24 18:45:00.000","41","26.0"
"813","203","Hour The To Taxesting","2016-01-24 16:05:00.000","2016-01-24 17:50:00.000","30","0.0"
"814","204","Grough The By Start Can","2016-01-25 14:55:00.000","2016-01-25 17:25:00.000","27","12.0"
"815","205","It Right The Every Take","2016-01-26 10:15:00.000","2016-01-26 11:30:00.000","26","18.0"
"816","205","That When Mistake You","2016-01-26 11:00:00.000","2016-01-26 12:20:00.000","44","27.0"
"817","205","10 Minutes, Buys To You New","2016-01-26 10:25:00.000","2016-01-26 12:10:00.000","29","23.0"
"818","205","I Becomerst May This Make","2016-01-26 11:30:00.000","2016-01-26 13:00:00.000","42","27.0"
"819","205","How To Immedible You're","2016-01-26 11:15:00.000","2016-01-26 12:50:00.000","50","23.0"
"820","205","Why Myths A - The Gategy [bluent Th","2016-01-26 09:05:00.000","2016-01-26 11:50:00.000","46","15.0"
"821","205","10 Awesour The The Will Tips For Buy","2016-01-26 12:20:00.000","2016-01-26 13:55:00.000","40","19.0"
"822","206","Why Methout That The Tips To And Out","2016-01-27 13:50:00.000","2016-01-27 16:45:00.000","42","23.0"
"823","206","They Example And The Easies","2016-01-27 13:15:00.000","2016-01-27 15:50:00.000","40","15.0"
"824","206","9 Sure Without The New Most","2016-01-27 12:25:00.000","2016-01-27 14:30:00.000","23","13.0"
"825","207","Start The And Twitter","2014-01-17 10:00:00.000","2014-01-17 12:00:00.000","49","20.0"
"826","207","Tips To Get About The People","2014-01-17 12:25:00.000","2014-01-17 14:40:00.000","50","13.0"
"827","207","7 Rules About Of The Skill","2014-01-17 12:40:00.000","2014-01-17 14:45:00.000","57","29.0"
"828","207","Watch On Teach Dogs People Stop 3 Tips","2014-01-17 12:15:00.000","2014-01-17 13:25:00.000","70","11.0"
"829","207","About The An Exacts About","2014-01-17 11:50:00.000","2014-01-17 14:25:00.000","55","0.0"
"830","207","Under Use The Introy","2014-01-17 10:40:00.000","2014-01-17 12:45:00.000","46","28.0"
"831","207","To Get Thing Ways To Than","2014-01-17 12:40:00.000","2014-01-17 15:10:00.000","35","19.0"
"832","208","How To Best Knows, Doney Easy","2014-01-18 12:05:00.000","2014-01-18 13:55:00.000","65","18.0"
"833","209","10 Resour The Guidential In The You","2014-01-19 12:55:00.000","2014-01-19 14:20:00.000","37","20.0"
"834","209","Most The Secret It Right","2014-01-19 13:35:00.000","2014-01-19 15:10:00.000","84","22.0"
"835","210","It's By The You Stop 10 Have Wants Essed","2014-01-20 14:45:00.000","2014-01-20 16:15:00.000","34","14.0"
"836","210","Hopes Anyone For And For","2014-01-20 12:05:00.000","2014-01-20 14:10:00.000","32","19.0"
"837","210","Creation On The About Thing There","2014-01-20 12:15:00.000","2014-01-20 14:00:00.000","53","15.0"
"838","210","Help You Neveally At To","2014-01-20 14:40:00.000","2014-01-20 16:10:00.000","77","0.0"
"839","210","The Example World Click","2014-01-20 11:30:00.000","2014-01-20 13:00:00.000","62","0.0"
"840","211","Can't Businessons Lazy Me","2015-01-07 11:45:00.000","2015-01-07 13:10:00.000","51","0.0"
"841","211","Need Mysten Teaching Most Out","2015-01-07 12:25:00.000","2015-01-07 14:05:00.000","60","0.0"
"842","211","Lie Is To You Can On The Need","2015-01-07 14:30:00.000","2015-01-07 16:40:00.000","53","16.0"
"843","211","In 3 Easy Ways To The? Lesson 10 Rea","2015-01-07 13:15:00.000","2015-01-07 14:25:00.000","42","17.0"
"844","212","7 Wast! Learn Economy. 10 The Else","2015-01-08 15:30:00.000","2015-01-08 17:50:00.000","48","25.0"
"845","212","Pros Usinessful The, The","2015-01-08 11:20:00.000","2015-01-08 14:00:00.000","85","0.0"
"846","212","How To Get The? Reportantagest","2015-01-08 11:10:00.000","2015-01-08 13:10:00.000","52","0.0"
"847","213","Simplify The Budget Of The Prom","2015-01-09 13:50:00.000","2015-01-09 15:00:00.000","37","11.0"
"848","213","Beinven Clicks Finds","2015-01-09 13:25:00.000","2015-01-09 15:20:00.000","38","15.0"
"849","213","On Teach Onces To The Plan","2015-01-09 14:15:00.000","2015-01-09 15:15:00.000","40","25.0"
"850","213","Ways The The Creams Which? The: 3 Size","2015-01-09 15:25:00.000","2015-01-09 17:35:00.000","70","27.0"
"851","213","Save About The Think An","2015-01-09 16:10:00.000","2015-01-09 18:55:00.000","38","15.0"
"852","213","Ways Yearn From Deation: Don't","2015-01-09 12:20:00.000","2015-01-09 13:40:00.000","59","11.0"
"853","214","The Succeed By The Fact","2014-05-11 17:30:00.000","2014-05-11 19:40:00.000","26","13.0"
"854","214","The Ways To For You Sheets Of You","2014-05-11 13:45:00.000","2014-05-11 15:45:00.000","29","13.0"
"855","214","5 Questrove The Be And","2014-05-11 13:30:00.000","2014-05-11 16:00:00.000","49","27.0"
"856","214","Classed Most A Pros Use The Your","2014-05-11 14:25:00.000","2014-05-11 15:40:00.000","29","13.0"
"857","215","To Get Stop 10 Simplete Savority","2014-10-19 12:40:00.000","2014-10-19 14:30:00.000","71","11.0"
"858","215","Litter The - The - 3 Days","2014-10-19 15:45:00.000","2014-10-19 17:25:00.000","30","0.0"
"859","216","10 Secrets Easy Warn Have And Of","2015-09-01 13:15:00.000","2015-09-01 16:15:00.000","30","0.0"
"860","216","The The Beinvent Thing","2015-09-01 11:10:00.000","2015-09-01 13:20:00.000","23","15.0"
"861","216","With The Option The Bigges Your","2015-09-01 14:25:00.000","2015-09-01 17:20:00.000","42","17.0"
"862","217","3 Easy Learning The Less That Your","2015-09-02 10:55:00.000","2015-09-02 13:50:00.000","54","19.0"
"863","217","This To Stressful Tips About You With","2015-09-02 14:55:00.000","2015-09-02 17:15:00.000","52","19.0"
"864","217","Dreams With Is Your Salesper","2015-09-02 11:50:00.000","2015-09-02 14:45:00.000","36","27.0"
"865","217","Good To Reasy Most Can Thing","2015-09-02 13:15:00.000","2015-09-02 16:10:00.000","48","28.0"
"866","217","The - Changest This Simple And","2015-09-02 14:35:00.000","2015-09-02 15:45:00.000","40","17.0"
"867","217","The: Key Will The Easier Up","2015-09-02 15:00:00.000","2015-09-02 16:50:00.000","37","24.0"
"868","217","10 Keep Improve The A Pract","2015-09-02 15:25:00.000","2015-09-02 17:35:00.000","42","11.0"